Course,Code,Subject,Discipline,Student Enrollment,Cost,Circulation,Textbook,RECORD #(ITEM),LOCATION,LOUTDATE,TOT CHKOUT,TOT RENEW,YTDCIRC,TOTAL CIRC,I TYPE,RECORD #(BIBLIO),99,20
AHU1020E Arts & Humanities 1020e,AHU1020E ,Arts & Humanities,Arts and Humanities,27,23,4,"Death Of King ArthurAuthor: Translator CablePublisher: Penguin",i68090158,wstkg,2016-10-26 14:15,6,1,2,4,0,b53733022,PQ1496.M75E5 1971,0140442553
AHU1020E Arts & Humanities 1020e,AHU1020E ,Arts & Humanities,Arts and Humanities,27,13.25,2,"Dame Aux CameliasAuthor: DumasPublisher: Oxford",i73169286,ustk ,2014-03-04 14:14,2,0,0,2,0,b59015755,PQ2231.D2E5 2008,9780199540341
AHU1020E Arts & Humanities 1020e,AHU1020E ,Arts & Humanities,Arts and Humanities,27,24,48,"HeptameronAuthor: De NavarrePublisher: Penguin",i10825277,wstkg,2016-10-11 13:48,49,25,1,48,0,b10624259,PQ1631.H3E5 1984,014044355X
AHU2200E Arts & humanities 2200e ,AHU2200E ,Arts & Humanities,Arts and Humanities,27,22.8,2,"Dionysian Vision Of The World/Plastic SleeveAuthor: NietzschePublisher: Minnesota",i79039625,wstkg,2016-11-09 12:42,3,3,1,2,0,b62990020,BL820.B2N4513 2013,9781937561024
AME2200E American Studies 2200e ,AME2200E ,American Studies,Social Science,8,50,12,"Locating American Studies The Evolution Of A DiciplineAuthor: MaddoxPublisher: Johns Hopkins",i51674488,wres3,2011-12-05 15:06,0,0,0,12,3,b37361946,E175.8.L58 1999,0801860563
ANA3309 Anatomy 3309 ,ANA3309 ,Anatomy,Medicine and Dentistry,161,127,0,"Histology Text + Atlas With Correlated Cell + Molecular BEdition: 7EAuthor: PawlinaPublisher: Lippincott",i84284651,tstkg,2016-11-15 8:32,2,0,2,0,0,b6465204x,QS517.R825h 2016,9781451187427
ANA3309 Anatomy 3309 ,ANA3309 ,Anatomy,Medicine and Dentistry,161,127,0,"Histology Text + Atlas With Correlated Cell + Molecular BEdition: 7EAuthor: PawlinaPublisher: Lippincott",i84705176,tstkg,  -  -  ,0,0,0,0,0,b6465204x,QS517.R825h 2016,9781451187427
ANT1020E Anthropology 1020e ,ANT1020E ,Anthropology,Social Science,180,51.55,0,"Oxford Intro Language Study Language + CultureAuthor: KramschPublisher: Oxford",i8379492x,wdk2h,2017-02-23 14:38,3,0,3,0,6,b68230850,P35.K73 1998,9780194372145
ANT1020E Anthropology 1020e ,ANT1020E ,Anthropology,Social Science,180,51.35,0,"Schooled On FatAuthor: TaylorPublisher: Routledge",i82264132,iwwwn,  -  -  ,0,0,0,0,8,b66333271,WWW access,9781138924215
ANT1020E Anthropology 1020e ,ANT1020E ,Anthropology,Social Science,180,54,0,"Introducing ArchaeologyEdition: 2EAuthor: MucklePublisher: Toronto",i80358111,iwwwn,  -  -  ,0,0,0,0,8,b64232414,CC165.M83 2014,9781442607859
ANT1020E Anthropology 1020e ,ANT1020E ,Anthropology,Social Science,180,54,4,"Introducing ArchaeologyEdition: 2EAuthor: MucklePublisher: Toronto",i81236943,wdk2h,2016-12-01 12:27,1,0,1,4,6,b64232414,CC165.M83 2014,9781442607859
ANT3301E Anthropology 3301e ,ANT3301E ,Anthropology,Social Science,40,37.5,8,"In Search Of A PastEdition: 4EAuthor: FraserPublisher: Verso",i79196792,wres1,2016-03-19 15:38,0,0,0,8,5,b63124579,DA3.F7A3 2010,1844675971
ANT4400E Anthropology 4400e ,ANT4400E ,Anthropology,Social Science,13,49.95,44,"Friction An Ethnography Of Global ConnectionAuthor: TsingPublisher: Princeton",i50358029,hstk ,2017-01-13 10:03,46,35,2,44,0,b36310475,GN345.6.T75 2005,069112065X
ANT4400E Anthropology 4400e ,ANT4400E ,Anthropology,Social Science,13,49.95,36,"Friction An Ethnography Of Global ConnectionAuthor: TsingPublisher: Princeton",i50719798,wdk2h,2016-07-18 16:15,0,30,1,36,6,b36310475,GN345.6.T75 2005,069112065X
ANT4400E Anthropology 4400e ,ANT4400E ,Anthropology,Social Science,13,31.35,13,"Unwrapping The Sacred BundleAuthor: SegalPublisher: Duke",i51440672,wdk2h,2013-09-23 13:46,0,2,0,13,6,b37142719,GN41.8.U58 2005,0822334747
ANT4400E Anthropology 4400e ,ANT4400E ,Anthropology,Social Science,13,42.8,52,"Recapturing Anthropology Working In The PresentAuthor: FoxPublisher: New Mexico Press",i25179366,wdk2h,2016-10-25 13:36,4,15,5,52,6,b21357006,GN33.R43 1991,9780933452787
ASC2053 Actuarial Sciences 2053 ,ASC2053 ,Actuarial Sciences,Science,446,135.65,92,"Mathematics Of FinanceEdition: 8EAuthor: BrownPublisher: Mcgraw",i81232317,krs2h,2017-02-09 11:21,93,0,95,92,6,b65065384,HF5691.Z55 2015,9780070876460
BUS2257 Business Administration 2257 ,BUS2257 ,Business Administration,Business,366,70.9,0,"Financial Accounting Tools For Business Decision Making CustEdition: 6EAuthor: WileyPublisher: Wiley",i83773022,krs2h,2016-11-20 16:56,21,0,21,0,6,b67806661,HF5635.K5383 2016,9781119299820
CLA2200 Classical Studies 2200 ,CLA2200 ,Classical Studies,Arts and Humanities,670,193.75,96,"Classical Mythology Images And InsightsEdition: 6THAuthor: HarrisPublisher: Mcgraw",i80778033,wdk2h,2017-02-24 12:52,111,0,111,96,6,b64633639,BL722.H37 2012,9780073407524
CLA2300 Classical Studies 2300 ,CLA2300 ,Classical Studies,Arts and Humanities,690,53,0,"Sport And Spectacle In The Ancient WorldEdition: 2EAuthor: KylePublisher: Wiley",i81337036,iwwwn,  -  -  ,0,0,0,0,8,b65177964,WWW access,9781118613566
CLA3410E Classical Studies 3410e ,CLA3410E ,Classical Studies,Arts and Humanities,30,25,27,"History Of The Peloponnesian WarAuthor: ThucydidesPublisher: Penguin",i33226106,wstkg,2011-12-06 11:00,27,9,0,27,0,b25597905,DF229.T5W37 1972,0140440399
CLA3410E Classical Studies 3410e ,CLA3410E ,Classical Studies,Arts and Humanities,30,133.4,43,"Problems In The History Of Ancient Greece Source And InterAuthor: KaganPublisher: Prentice Hall",i63416736,wstkg,2016-10-31 11:02,7,3,2,43,0,b48841080,DF211.K34 2010,0136140459
CLA3410E Classical Studies 3410e ,CLA3410E ,Classical Studies,Arts and Humanities,30,133.4,23,"Problems In The History Of Ancient Greece Source And InterAuthor: KaganPublisher: Prentice Hall",i63440325,wstkg,2013-04-26 17:15,7,1,1,23,0,b48841080,DF211.K34 2010,0136140459
CLC1040 Comparative Lit + Cul 1040 ,CLC1040 ,Comparative Literature,Arts and Humanities,19,15.99,35,"Dream StoryAuthor: SchnitzlerPublisher: Penguin",i37818752,wstkg,2016-12-05 15:56,36,18,1,35,0,b27748236,PT2638.N5T7313 1999,0141182245
CLC1040 Comparative Lit + Cul 1040 ,CLC1040 ,Comparative Literature,Arts and Humanities,19,15.99,1,"Dream StoryAuthor: SchnitzlerPublisher: Penguin",i60567387,kcstk,2010-11-01 18:35,1,2,0,1,0,b27748236,PT2638.N5T7313 1999,0141182245
CLC1040 Comparative Lit + Cul 1040 ,CLC1040 ,Comparative Literature,Arts and Humanities,19,12.7,32,"Candide + Related TextsAuthor: VolatirePublisher: Hackett",i40298097,wstkg,2016-08-03 16:55,33,17,1,32,0,b29315013,PQ2082.C3E5 2000,9780872205468
CLC1040 Comparative Lit + Cul 1040 ,CLC1040 ,Comparative Literature,Arts and Humanities,19,17.3,7,"How Literature Works 50 Key ConceptsAuthor: SutherlandPublisher: Oxford",i71300752,kcstk,2015-10-27 16:49,7,12,0,7,0,b56760310,PN44.5.S88 2011,9780199794201
CLC1040 Comparative Lit + Cul 1040 ,CLC1040 ,Comparative Literature,Arts and Humanities,19,17.3,0,"How Literature Works 50 Key ConceptsAuthor: SutherlandPublisher: Oxford",i81764479,wstkg,2016-09-26 12:00,1,2,1,0,0,b56760310,PN44.5.S88 2011,9780199794201
CLC1050E Comparative Literature 1050e ,CLC1050E ,Comparative Literature,Arts and Humanities,26,101.95,8,"Experience HumanitiesEdition: 8THAuthor: MatthewsPublisher: Mcgraw",i78088987,krs2h,2016-09-26 17:22,1,4,3,8,6,b62067771,CB245.M375W4 2014,9780073376653
DEN5130 Dentistry 5130 ,DEN5130 ,Dentistry,Medicine and Dentistry,56,175.45,10,"Management Of Temporomandibular DisordersEdition: 7EAuthor: OkesonPublisher: Mosby",i73507040,tstkg,2016-05-24 17:38,10,9,0,10,0,b59360628,WU140.O41f 2013,9780323082204
DEN5131 Dentistry 5131 ,DEN5131 ,Dentistry,Medicine and Dentistry,56,203.95,36,"Dental Anatomy Self Instructional ProgramEdition: 10EAuthor: KarstPublisher: Appleton + Lange",i34463318,tstkg,2016-10-12 15:44,38,23,2,36,0,b26298193,WU18.2.D4136 1998,0838514928
DEN5348 Dentistry 5348 ,DEN5348 ,Dentistry,Medicine and Dentistry,76,207.1,14,"Contemporary Oral And Maxillofacial SurgeryEdition: 6EAuthor: HuppPublisher: Mosby",i77706535,tstkg,2017-02-01 14:51,24,0,10,14,0,b61516296,WU600.C761 2014,9780323091770
ENG1020E English 1020e ,ENG1020E ,English,Arts and Humanities,185,19.5,24,"Magic ToyshopEdition: 96Author: CarterPublisher: Penguin",i4735690x,wstkg,2017-01-05 13:16,26,32,2,24,0,b34731945,PR6053.A73M35 1996,0140256407
ENG1022E English 1022e ,ENG1022E ,English,Arts and Humanities,106,35.65,22,"Canadian Writers Handbook Essentials EditionAuthor: MessengerPublisher: Oxford",i72736987,estkg,2017-01-30 18:49,28,14,6,22,0,b58695126,PE1413.M52 2012,9780195430394
ENG1022E English 1022e ,ENG1022E ,English,Arts and Humanities,106,35.65,5,"Canadian Writers Handbook Essentials EditionAuthor: MessengerPublisher: Oxford",i73170641,kcstk,2017-01-16 13:34,7,0,2,5,0,b58695126,PE1413.M52 2012,9780195430394
ENG1022E English 1022e ,ENG1022E ,English,Arts and Humanities,106,35.65,1,"Canadian Writers Handbook Essentials EditionAuthor: MessengerPublisher: Oxford",i78992023,wrefn,2014-05-01 13:22,1,0,0,1,8,b58695126,PE1413.M52 2012,9780195430394
ENG1022E English 1022e ,ENG1022E ,English,Arts and Humanities,106,16.95,26,"Brave New WorldAuthor: HuxleyPublisher: Vintage",i60916680,ustk ,2016-09-26 16:52,29,29,3,26,0,b42625336,PR6015.U9B7 2007,9780307356543
ENG1022E English 1022e ,ENG1022E ,English,Arts and Humanities,106,16.95,9,"Brave New WorldAuthor: HuxleyPublisher: Vintage",i7359846x,kcstk,2016-10-06 15:08,12,6,3,9,0,b42625336,PR6015.U9B7 2007,9780307356543
ENG2017 English 2017 ,ENG2017 ,English,Arts and Humanities,157,22.95,5,"Black HoleAuthor: BurnsPublisher: Pantheon",i71471480,krs3d,2016-04-13 20:45,0,2,0,5,3,b5686758x,PN6727.B87B53 2008,0375714723
ENG2017 English 2017 ,ENG2017 ,English,Arts and Humanities,157,94.85,54,"Popular Culture A Users GuideEdition: 3EAuthor: ObrienPublisher: Nelson",i78360365,krs2h,2017-02-02 16:45,7,4,7,54,6,b62304227,CB430.O27 2014,9780176508654
ENG2017 English 2017 ,ENG2017 ,English,Arts and Humanities,157,94.85,33,"Popular Culture A Users GuideEdition: 3EAuthor: ObrienPublisher: Nelson",i79521873,ustk ,2016-09-26 11:55,37,1,4,33,0,b62304227,CB430.O27 2014,9780176508654
ENG2017 English 2017 ,ENG2017 ,English,Arts and Humanities,157,94.85,0,"Popular Culture A Users GuideEdition: 3EAuthor: ObrienPublisher: Nelson",i83607754,wstkg,  -  -  ,0,0,0,0,0,b62304227,CB430.O27 2014,9780176508654
ENG2017 English 2017 ,ENG2017 ,English,Arts and Humanities,157,31,9,"Between The World And Me  Author: CoatesPublisher: Spiegel + Grau",i81125483,wstkg,2017-01-20 9:11,14,5,5,9,0,b64950165,E185.615.C6335 2015,9780812993547
ENG2017 English 2017 ,ENG2017 ,English,Arts and Humanities,157,31,5,"Between The World And Me  Author: CoatesPublisher: Spiegel + Grau",i81206410,hmz  ,2017-02-09 13:49,7,4,2,5,0,b64950165,E185.615.C6335 2015,9780812993547
ENG2017 English 2017 ,ENG2017 ,English,Arts and Humanities,157,31,2,"Between The World And Me  Author: CoatesPublisher: Spiegel + Grau",i81878114,kcstk,2016-07-12 14:41,4,4,2,2,0,b64950165,E185.615.C6335 2015,9780812993547
ENG2033E English 2033e ,ENG2033E ,English,Arts and Humanities,130,9.99,4,"Where The Wild Things AreAuthor: SendakPublisher: Harper",i67485029,kcstk,2017-01-14 16:35,5,2,1,4,0,b5281192x,PS3537.E5W5 1991,0064431789
ENG2033E English 2033e ,ENG2033E ,English,Arts and Humanities,130,8.5,7,"Little House On The PrairieAuthor: WilderPublisher: Harper",i77533021,kcstk,2017-01-20 12:58,8,4,1,7,0,b61366766,PZ7.W6461L53 1971,9780064400022
ENG2033E English 2033e ,ENG2033E ,English,Arts and Humanities,130,8.5,6,"Lion The Witch And The WardrobeAuthor: LewisPublisher: Harper",i78561772,ustk ,2016-08-02 13:53,8,2,2,6,0,b62485611,PZ8.L67L76 2002,0064471047
ENG2033E English 2033e ,ENG2033E ,English,Arts and Humanities,130,19.95,45,"Curious Incident Of The Dog In The Night TimeAuthor: HaddonPublisher: Anchor",i50608666,hstk ,2017-02-09 16:53,46,29,1,45,0,b3646840x,PR6058.A33C8 2004,0385659806
ENG2033E English 2033e ,ENG2033E ,English,Arts and Humanities,130,7.99,26,"Harriet The SpyAuthor: FitzhughPublisher: Yearling",i55861672,hstk ,2015-06-04 17:11,26,15,0,26,0,b40964735,PZ7.F5768Ha 2001,0440416795
ENG2033E English 2033e ,ENG2033E ,English,Arts and Humanities,130,7.95,36,"Peter PanAuthor: BarriePublisher: Bantam",i43956890,ustk ,2016-05-24 14:01,36,26,0,36,0,b68230874,PR4074.P47 2008,0553211781
ENG2033E English 2033e ,ENG2033E ,English,Arts and Humanities,130,8.99,10,"Tale Of Peter RabbitAuthor: PotterPublisher: Warne",i7317189x,krs3d,2017-01-17 12:37,2,3,2,10,3,b5898804x,PR6031.O8T31 2002,0723247706
ENG2033E English 2033e ,ENG2033E ,English,Arts and Humanities,130,9.75,3,"Charlottes WebAuthor: WhitePublisher: Harper",i81193889,kcstk,2017-01-05 15:23,4,0,1,3,0,b65039348,PZ7.W58277C4 2012,0064400557
ENG2033E English 2033e ,ENG2033E ,English,Arts and Humanities,130,6.99,14,"Little Women Puffin ClassicAuthor: AlcottPublisher: Penguin",i73523422,kcstk,2017-01-23 18:02,11,4,1,14,0,b59366734,PS1017.L5 2008,9780141321080
ENG2033E English 2033e ,ENG2033E ,English,Arts and Humanities,130,12.99,21,"Boy In The Striped PajamasAuthor: BoynePublisher: David Fickling",i77202570,wstkg,2017-01-09 9:59,23,13,2,21,0,b61042286,PR6102.O96B69 2006,9780385751537
ENG2033E English 2033e ,ENG2033E ,English,Arts and Humanities,130,11.99,62,"Hunger GamesAuthor: CollinsPublisher: Scholastic",i64048718,ustk ,2016-03-28 14:09,62,16,0,62,0,b49542667,PZ7.C72H931 2008,9780439023528
ENG2033E English 2033e ,ENG2033E ,English,Arts and Humanities,130,11.99,20,"Hunger GamesAuthor: CollinsPublisher: Scholastic",i72744534,hstk ,2016-09-12 14:51,21,7,1,20,0,b49542667,PZ7.C72H931 2008,9780439023528
ENG2033E English 2033e ,ENG2033E ,English,Arts and Humanities,130,11.99,27,"Hunger GamesAuthor: CollinsPublisher: Scholastic",i73039470,wstkg,2016-03-11 16:41,19,3,0,27,0,b49542667,PZ7.C72H931 2008,9780439023528
ENG2033E English 2033e ,ENG2033E ,English,Arts and Humanities,130,11.99,4,"Hunger GamesAuthor: CollinsPublisher: Scholastic",i78479903,estkg,2016-10-12 16:42,6,0,2,4,0,b49542667,PZ7.C72H931 2008,9780439023528
ENG2033E English 2033e ,ENG2033E ,English,Arts and Humanities,130,11.99,3,"Hunger GamesAuthor: CollinsPublisher: Scholastic",i81123747,krs3d,2016-09-19 16:57,1,0,1,3,3,b49542667,PZ7.C72H931 2008,9780439023528
ENG2033E English 2033e ,ENG2033E ,English,Arts and Humanities,130,7.95,37,"Peter PanAuthor: BarriePublisher: Bantam",i62763672,wstkg,2017-01-16 14:54,40,24,3,37,0,b47786097,PR4074.P3 2008,0553211781
ENG2033E English 2033e ,ENG2033E ,English,Arts and Humanities,130,14.99,0,"Harry Potter And The Philosophers StoneAuthor: RowlingPublisher: Bloomsbury",i84775361,krs3d,  -  -  ,0,0,0,0,3,b68526726,PR6068.O95H31 2014,9781408855652
ENG2033E English 2033e ,ENG2033E ,English,Arts and Humanities,130,9.99,4,"Anne Of Green GablesAuthor: MontgomeryPublisher: Tundra",i81074748,krs3d,2016-10-07 13:40,1,0,1,4,3,b64889786,PS8526.O52A52 2014,9781770497313
ENG2033E English 2033e ,ENG2033E ,English,Arts and Humanities,130,33.65,85,"Folk & Fairy TalesEdition: 4EAuthor: HallettPublisher: Broadview",i6327131x,krs2h,2016-11-14 16:05,2,2,2,85,6,b4762808x,PZ8.F66 2009,155111898X
ENG2033E English 2033e ,ENG2033E ,English,Arts and Humanities,130,33.65,21,"Folk & Fairy TalesEdition: 4EAuthor: HallettPublisher: Broadview",i79168450,wres3,2016-12-07 14:07,25,1,4,21,3,b4762808x,PZ8.F66 2009,155111898X
ENG2264E English 2264e ,ENG2264E ,English,Arts and Humanities,28,21,9,"Can You Hear The Nightbird CallAuthor: BadamiPublisher: Vintage",i56279206,kcstk,2013-12-11 20:29,10,5,1,9,0,b41289031,PR9299.1.B156C36 2006,9780676976052
ENG2264E English 2264e ,ENG2264E ,English,Arts and Humanities,28,16.95,25,"Unnatural And Accidental WomenAuthor: ClementsPublisher: Talonbooks",i51571158,wstkg,2016-12-09 20:37,13,5,1,25,0,b37284538,PR9299.1.C475U55 2005,0889225214
ENG2264E English 2264e ,ENG2264E ,English,Arts and Humanities,28,21,3,"I Shall Not HateAuthor: AbuelaishPublisher: Vintage",i78548949,kcstk,2016-09-06 13:32,4,7,1,3,0,b62664499,R644.P3A28 2011b,9780307358899
ENG2264E English 2264e ,ENG2264E ,English,Arts and Humanities,28,21,0,"I Shall Not HateAuthor: AbuelaishPublisher: Vintage",i84654326,ustk ,  -  -  ,0,0,0,0,0,b62664499,R644.P3A28 2011b,9780307358899
ENG2264E English 2264e ,ENG2264E ,English,Arts and Humanities,28,21.95,13,"Fun Home A Family TragicomicAuthor: BechdelPublisher: Mariner",i71446254,kdk1d,2016-11-23 0:00,2,3,3,13,5,b56867578,PN6727.B3757Z46 2007,9780618871711
ENG2264E English 2264e ,ENG2264E ,English,Arts and Humanities,28,21.95,16,"Fun Home A Family TragicomicAuthor: BechdelPublisher: Mariner",i72982809,wstkg,2016-03-09 11:11,14,11,0,16,0,b56867578,PN6727.B3757Z46 2007,9780618871711
ENG2264E English 2264e ,ENG2264E ,English,Arts and Humanities,28,21,6,"Can You Hear The Nightbird CallAuthor: BadamiPublisher: Vintage",i73528493,hstk ,2015-01-08 20:51,6,0,0,6,0,b59433218,PS8553.A33C36 2007,9780676976052
ENG2264E English 2264e ,ENG2264E ,English,Arts and Humanities,28,36.7,5,"Universal Human Rights In Theory And PracticeEdition: 3EAuthor: DonnellyPublisher: Cornell",i77431273,krs2h,2016-03-14 23:09,0,6,0,5,6,b61159475,JC571.D755 2013,9780801477706
ENG2264E English 2264e ,ENG2264E ,English,Arts and Humanities,28,36.7,7,"Universal Human Rights In Theory And PracticeEdition: 3EAuthor: DonnellyPublisher: Cornell",i78386093,wstkg,2016-10-03 17:21,9,5,2,7,0,b61159475,JC571.D755 2013,9780801477706
ENG2307E English 2307e ,ENG2307E ,English,Arts and Humanities,82,13.99,57,"ArcadiaAuthor: StoppardPublisher: Faber",i27533992,wres7,2016-11-28 17:37,1,23,1,57,2,b2336760x,PR6069.T65A84 1993,0571169341
ENG2307E English 2307e ,ENG2307E ,English,Arts and Humanities,82,24.05,44,"Sense And SensibilityAuthor: AustenPublisher: Norton",i41241836,wstkg,2016-07-14 15:05,46,26,2,44,0,b30092413,PR4034.S4 2002,9780393977516
ENG2308E English 2308e ,ENG2308E ,English,Arts and Humanities,71,22.99,3,"Citizen An American LyricAuthor: RankinePublisher: Graywolf",i80394589,wstkg,2016-11-24 21:03,6,1,3,3,0,b64260641,PS3568.A572C58 2014,9781555976903
ENG2309E English 2309e ,ENG2309E ,English,Arts and Humanities,20,72.25,51,"Canadian Literature In English Texts + Contents Vol #1Author: SugarsPublisher: Pearson",i62329467,kcstk,2014-09-18 13:04,12,7,0,51,0,b47394080,PS8231.S84 2009,0321313623
ENG2309E English 2309e ,ENG2309E ,English,Arts and Humanities,20,72.25,79,"Canadian Literature In English Texts + Contents Vol #1Author: SugarsPublisher: Pearson",i62334876,kcstk,2016-10-27 16:47,19,6,1,79,0,b47394080,PS8231.S84 2009,0321313623
ENG2309E English 2309e ,ENG2309E ,English,Arts and Humanities,20,72.25,12,"Canadian Literature In English Texts + Contents Vol #1Author: SugarsPublisher: Pearson",i72104077,hstk ,2016-11-03 12:13,16,12,4,12,0,b47394080,PS8231.S84 2009,0321313623
ENG2309E English 2309e ,ENG2309E ,English,Arts and Humanities,20,72.25,14,"Canadian Literature In English Texts + Contents Vol #1Author: SugarsPublisher: Pearson",i72104119,hstk ,2016-11-03 12:13,18,17,4,14,0,b47394080,PS8231.S84 2009,0321313623
ENG2310E English 2310e ,ENG2310E ,English,Arts and Humanities,39,18,13,"TranslationsAuthor: FrielPublisher: Faber",i61211503,krs3d,2016-11-23 16:56,6,5,6,13,3,b35331586,PR6056.R54T73 2000,0571117422
ENG3224E English 3224e ,ENG3224E ,English,Arts and Humanities,38,38.15,7,"Seventeenth Century British PoetryAuthor: RumrichPublisher: Norton",i5512026x,kcstk,2012-04-28 14:38,7,4,0,7,0,b38608273,PR1209.S515 2006,0393979989
ENG3224E English 3224e ,ENG3224E ,English,Arts and Humanities,38,24.05,3,"UtopiaEdition: 3EAuthor: MorePublisher: Norton",i64061310,kcstk,2014-09-23 16:50,3,2,0,3,0,b49499579,PR2321.U7 2011,9780393932461
ENG3334E English 3334e ,ENG3334E ,English,Arts and Humanities,32,14.25,10,"RoverEdition: 2EAuthor: BehnPublisher: Broadview",i42021443,hstk ,2015-11-11 13:44,10,6,0,10,0,b3063460x,PR3317.R58 1998,1551112140
ENG3444E English 3444e ,ENG3444E ,English,Arts and Humanities,73,97.8,23,"Norton Anthology Of English Literature Volume 2Edition: 9EAuthor: GreenblattPublisher: Norton",i73171864,kcstk,2016-11-17 12:51,19,1,1,23,0,b58988087,PR1109.N6 2012,9780393912487
ENG3444E English 3444e ,ENG3444E ,English,Arts and Humanities,73,97.8,28,"Norton Anthology Of English Literature Volume 2Edition: 9EAuthor: GreenblattPublisher: Norton",i73171876,krs2h,2017-02-16 13:29,10,0,10,28,6,b58988087,PR1109.N6 2012,9780393912487
ENG3554E English 3554e ,ENG3554E ,English,Arts and Humanities,30,16.99,3,"Between The ActsAuthor: WoolfPublisher: Penguin",i53003275,hstk ,2017-01-10 12:50,1,0,1,3,0,b3853387x,PR6045.O72B42 2000,0141184523
ENG3554E English 3554e ,ENG3554E ,English,Arts and Humanities,30,16.99,4,"Between The ActsAuthor: WoolfPublisher: Penguin",i58493086,kcstk,2015-03-17 9:14,3,0,0,4,0,b3853387x,PR6045.O72B42 2000,0141184523
ENG3554E English 3554e ,ENG3554E ,English,Arts and Humanities,30,13.25,3,"Good SoldierEdition: 4EAuthor: FordPublisher: Oxford",i74997701,kcstk,2014-08-01 13:17,3,5,0,3,0,b5962663x,PR6011.O53G6 2012,9780199585946
FNS1020E First Nations Studies 1020e ,FNS1020E ,First Nations Studies,Social Science,38,95.85,7,"Ways Of Knowing An Intro To Native Studies In CanadaEdition: 2EAuthor: BelangerPublisher: NelsonStores: The Book S",i79008975,hmz  ,2017-01-09 16:10,8,5,1,7,0,b62968117,E78.C2B3925 2014,9780176508630
FNS1020E First Nations Studies 1020e ,FNS1020E ,First Nations Studies,Social Science,38,22,7,"Inconvenient IndianAuthor: KingPublisher: Anchor",i77966053,kcstk,2016-10-17 21:34,9,9,2,7,0,b61946448,E77.K566 2013,9780385664226
FNS1020E First Nations Studies 1020e ,FNS1020E ,First Nations Studies,Social Science,38,22,0,"Inconvenient IndianAuthor: KingPublisher: Anchor",i84259243,hstk ,2016-10-24 15:07,2,1,2,0,0,b61946448,E77.K566 2013,9780385664226
FNS2901E First Nations Studies 2901e ,FNS2901E ,First Nations Studies,Social Science,22,37.7,53,"Sweet Promises A Reader On Indian White Relations In CanadaAuthor: MillerPublisher: Toronto",i25572064,lstkg,2016-03-02 17:26,18,20,0,53,0,b21677864,E78.C2S894 1991,9780802068187
FNS2901E First Nations Studies 2901e ,FNS2901E ,First Nations Studies,Social Science,22,37.7,2,"Sweet Promises A Reader On Indian White Relations In CanadaAuthor: MillerPublisher: Toronto",i45901405,jstk ,2008-04-01 19:57,2,4,0,2,0,b33540056,E78 C2 S94 1991,9780802068187
FNS2901E First Nations Studies 2901e ,FNS2901E ,First Nations Studies,Social Science,22,26.95,162,"National CrimeAuthor: MilloyPublisher: Manitoba",i36789070,wstkg,2016-11-29 9:34,112,41,2,162,0,b27302039,E96.5.M54 1999,9780887556463
FNS2901E First Nations Studies 2901e ,FNS2901E ,First Nations Studies,Social Science,22,26.95,51,"National CrimeAuthor: MilloyPublisher: Manitoba",i4189215x,hmz  ,2015-06-10 9:21,52,41,1,51,0,b30519287,E96.5.M544,9780887556463
FNS2901E First Nations Studies 2901e ,FNS2901E ,First Nations Studies,Social Science,22,26.95,14,"National CrimeAuthor: MilloyPublisher: Manitoba",i46060200,jstk ,2014-03-14 13:15,14,6,0,14,0,b33686592,E96.5 M56 1999,9780887556463
FNS2901E First Nations Studies 2901e ,FNS2901E ,First Nations Studies,Social Science,22,26.95,66,"National CrimeAuthor: MilloyPublisher: Manitoba",i47155991,kcstk,2016-04-11 8:38,53,34,0,66,0,b34556588,E96.5.M55N3,9780887556463
FNS2901E First Nations Studies 2901e ,FNS2901E ,First Nations Studies,Social Science,22,100.95,33,"Canadas First Nations A History Of Founding PeoplesEdition: 4EAuthor: DickasonPublisher: Oxford",i62294805,wstkg,2016-09-17 22:51,29,10,2,33,0,b47349980,E78.C2D538 2009,9780195428926
FNS2901E First Nations Studies 2901e ,FNS2901E ,First Nations Studies,Social Science,22,37.55,2,"Breathing Life Into The Stone Fort Treaty An AnishinabeAuthor: Craft",i77427518,hstk ,2016-06-24 15:46,2,0,0,2,0,b6127088x,KE7749.O45C73 2013,9781895830644
FNS2901E First Nations Studies 2901e ,FNS2901E ,First Nations Studies,Social Science,22,37.55,2,"Breathing Life Into The Stone Fort Treaty An AnishinabeAuthor: Craft",i77450097,lstkg,2015-10-05 10:35,2,3,0,2,0,b6127088x,KE7749.O45C73 2013,9781895830644
FRE1910 French 1910 ,FRE1910 ,French,Arts and Humanities,123,150.95,116,"En Bonne Forme Text OnlyEdition: 8EAuthor: RenaudPublisher: Wiley",i80014562,krs2h,2017-02-13 12:03,16,0,16,116,6,b63891529,G128.G495 2013,9780073522883
HIS1401E History 1401e ,HIS1401E ,History ,Social Science,124,30.6,3,"Pocket Guide To Writing In HistoryEdition: 8EAuthor: RampollaPublisher: Bedford",i81123759,krs2h,2017-02-24 13:54,21,0,21,3,6,b64948900,D13.R25P6 2015,9781457690884
HIS1401E History 1401e ,HIS1401E ,History ,Social Science,124,30.6,0,"Pocket Guide To Writing In HistoryEdition: 8EAuthor: RampollaPublisher: Bedford",i81180184,hrfq ,  -  -  ,0,0,0,0,0,b64948900,D13.R25P6 2015,9781457690884
HIS1401E History 1401e ,HIS1401E ,History ,Social Science,124,30.6,0,"Pocket Guide To Writing In HistoryEdition: 8EAuthor: RampollaPublisher: Bedford",i81187774,urs2h,  -  -  ,0,0,0,0,6,b64948900,D13.R25P6 2015,9781457690884
HIS1401E History 1401e ,HIS1401E ,History ,Social Science,124,30.6,0,"Pocket Guide To Writing In HistoryEdition: 8EAuthor: RampollaPublisher: Bedford",i8124079x,hwc  ,  -  -  ,0,0,0,0,8,b64948900,D13.R25P6 2015,9781457690884
HIS1401E History 1401e ,HIS1401E ,History ,Social Science,124,234.6,16,"History Of Europe In The Modern WorldEdition: 11EAuthor: PalmerPublisher: Mcgraw",i79968247,krs2h,2016-09-19 13:49,2,0,2,16,6,b63876899,D209.P26 2014,9780073385549
HIS1601E History 1601e ,HIS1601E ,History ,Social Science,238,176.4,2,"East Asia A Cultural Social + Political HistoryEdition: 3EAuthor: EbreyPublisher: Wadsworth",i81198103,kcstk,2016-03-30 19:39,2,0,0,2,0,b65042025,DS511.E22 2014,9781133606475
HIS1807 History 1807 ,HIS1807 ,History ,Social Science,126,18,8,"Company A Short History Of A Revolutionary IdeaAuthor: MicklethwaitPublisher: Modern Library",i7351276x,kcstk,2016-11-15 9:28,3,0,1,8,0,b59359973,HD2721.M45 2005,0812972872
HIS1807 History 1807 ,HIS1807 ,History ,Social Science,126,24,11,"Ascent Of MoneyAuthor: FergusonPublisher: Penguin",i62822901,wdk2h,2015-05-20 9:48,0,10,0,11,6,b47850152,HG171.F47 2009,9780143116172
HIS1807 History 1807 ,HIS1807 ,History ,Social Science,126,19.5,6,"All The Devils Are Here The Hidden History Of The FinancialAuthor: McleanPublisher: Portfolio",i79935874,wdk2h,2016-09-14 10:28,1,0,1,6,6,b6384154x,HB3717 2008.M35 2011,9781591844389
HIS2173 History 2173 ,HIS2173 ,History ,Social Science,24,115.25,56,"Medieval WarfareAuthor: KeenPublisher: Oxford",i37520647,wdk2h,2015-09-24 8:13,0,21,0,56,6,b27645137,D128.M44 1999,0198206399
HIS2173 History 2173 ,HIS2173 ,History ,Social Science,24,115.25,17,"Medieval WarfareAuthor: KeenPublisher: Oxford",i51366009,wdk2h,2016-04-13 12:35,0,8,0,17,6,b27645137,D128.M44 1999,0198206399
HIS2173 History 2173 ,HIS2173 ,History ,Social Science,24,115.25,17,"Medieval WarfareAuthor: KeenPublisher: Oxford",i51754514,kcstk,2016-04-17 10:22,17,17,0,17,0,b27645137,D128.M44 1999,0198206399
HIS2173 History 2173 ,HIS2173 ,History ,Social Science,24,115.25,0,"Medieval WarfareAuthor: KeenPublisher: Oxford",i7958875x,iwwwn,  -  -  ,0,0,0,0,8,b27645137,D128.M44 1999,0198206399
HIS2179 History 2179 ,HIS2179 ,History ,Social Science,47,38.75,18,"Concise Historical Atlas Of World War IIAuthor: StoryPublisher: Oxford",i55107606,wstkg,2016-07-21 15:45,18,18,1,18,0,b40188590,G1038.S76 2006,0195182200
HIS2179 History 2179 ,HIS2179 ,History ,Social Science,47,38.75,15,"Concise Historical Atlas Of World War IIAuthor: StoryPublisher: Oxford",i60575098,kcstk,2016-07-26 16:48,5,4,1,15,0,b40188590,G1038.S76 2006,0195182200
HIS2179 History 2179 ,HIS2179 ,History ,Social Science,47,34.3,29,"Fighting The Great WarAuthor: NeibergPublisher: Harvard",i61194815,kcstk,2016-07-04 18:43,10,5,1,29,0,b45623211,D521.N44 2006,0674022513
HIS2201E History 2201e ,HIS2201E ,History ,Social Science,76,96.85,16,"Destinies Canadian History Since Confederation Book OnlyEdition: 7EAuthor: FrancisPublisher: Nelson",i71429670,wdk2h,2015-06-03 17:37,0,12,0,16,6,b56953197,F1033.F78 2011,0176502513
HIS2201E History 2201e ,HIS2201E ,History ,Social Science,76,96.85,29,"Destinies Canadian History Since Confederation Book OnlyEdition: 7EAuthor: FrancisPublisher: Nelson",i72190772,wdk2h,2017-02-15 9:45,5,0,5,29,6,b56953197,F1033.F78 2011,0176502513
HIS2201E History 2201e ,HIS2201E ,History ,Social Science,76,96.85,9,"Destinies Canadian History Since Confederation Book OnlyEdition: 7EAuthor: FrancisPublisher: Nelson",i72190784,wdk2h,2016-04-03 16:17,0,0,0,9,6,b56953197,F1033.F78 2011,0176502513
HIS2201E History 2201e ,HIS2201E ,History ,Social Science,76,96.85,18,"Destinies Canadian History Since Confederation Book OnlyEdition: 7EAuthor: FrancisPublisher: Nelson",i72190796,wdk2h,2017-02-13 13:40,4,0,4,18,6,b56953197,F1033.F78 2011,0176502513
HIS2201E History 2201e ,HIS2201E ,History ,Social Science,76,96.85,50,"Destinies Canadian History Since Confederation Book OnlyEdition: 7EAuthor: FrancisPublisher: Nelson",i80115779,ustk ,2017-01-19 17:00,52,3,2,50,0,b63989980,HQ560.W26 2015,0176502513
HIS2201E History 2201e ,HIS2201E ,History ,Social Science,76,96.85,22,"Destinies Canadian History Since Confederation Book OnlyEdition: 7EAuthor: FrancisPublisher: Nelson",i80715552,ustk ,2016-07-06 12:28,24,2,2,22,0,b63989980,HQ560.W26 2015,0176502513
HIS2201E History 2201e ,HIS2201E ,History ,Social Science,76,96.85,59,"Destinies Canadian History Since Confederation Book OnlyEdition: 7EAuthor: FrancisPublisher: Nelson",i81232299,krs2h,2017-02-15 11:08,44,0,44,59,6,b63989980,HQ560.W26 2015,0176502513
HIS2403E History 2403e ,HIS2403E ,History ,Social Science,46,36.45,19,"Return Of Martin GuerreAuthor: DavisPublisher: Harvard",i42498521,hstk ,2015-09-23 17:54,8,5,0,19,0,b31061084,CT9981.M37D38,0674766911
HIS2403E History 2403e ,HIS2403E ,History ,Social Science,46,36.45,14,"Return Of Martin GuerreAuthor: DavisPublisher: Harvard",i49690152,hstk ,2016-09-16 10:55,6,9,1,14,0,b31061084,CT9981.M37D38,0674766911
HIS2403E History 2403e ,HIS2403E ,History ,Social Science,46,36.45,17,"Return Of Martin GuerreAuthor: DavisPublisher: Harvard",i49690164,hstk ,2016-10-19 15:05,11,6,1,17,0,b31061084,CT9981.M37D38,0674766911
HIS2403E History 2403e ,HIS2403E ,History ,Social Science,46,36.45,32,"Return Of Martin GuerreAuthor: DavisPublisher: Harvard",i51721788,wstkg,2016-09-13 15:52,29,14,1,32,0,b10138924,HV6761.F82G854 1983,0674766911
HIS2403E History 2403e ,HIS2403E ,History ,Social Science,46,36.45,26,"Return Of Martin GuerreAuthor: DavisPublisher: Harvard",i61219769,ustk ,2016-09-14 14:45,10,8,1,26,0,b10138924,HV6761.F82G854 1983,0674766911
HIS2403E History 2403e ,HIS2403E ,History ,Social Science,46,36.45,7,"Return Of Martin GuerreAuthor: DavisPublisher: Harvard",i73605311,wstkg,2016-12-07 19:49,6,5,2,7,0,b10138924,HV6761.F82G854 1983,0674766911
HIS2403E History 2403e ,HIS2403E ,History ,Social Science,46,36.45,71,"Return Of Martin GuerreAuthor: DavisPublisher: Harvard",i47122146,krs2h,2016-10-18 16:16,4,2,4,71,6,b34524939,DC112.D8D38,0674766911
HIS2403E History 2403e ,HIS2403E ,History ,Social Science,46,34.65,18,"Women Armies And Warfare In Early Modern EuropeAuthor: LynnPublisher: Cambridge",i61620993,wstkg,2016-09-12 12:20,20,20,2,18,0,b46366477,U21.75.L96 2008,9780521722377
HIS2403E History 2403e ,HIS2403E ,History ,Social Science,46,34.65,53,"Women Armies And Warfare In Early Modern EuropeAuthor: LynnPublisher: Cambridge",i61631784,krs2h,2017-02-14 19:44,10,0,10,53,6,b46366477,U21.75.L96 2008,9780521722377
HIS2403E History 2403e ,HIS2403E ,History ,Social Science,46,34.65,7,"Women Armies And Warfare In Early Modern EuropeAuthor: LynnPublisher: Cambridge",i62960039,ustk ,2017-01-09 10:43,10,13,3,7,0,b46366477,U21.75.L96 2008,9780521722377
HIS2601E History 2601e ,HIS2601E ,History ,Social Science,90,115.65,38,"Sources In Chinese History Diverse Perspectives 1644-presentAuthor: AtwillPublisher: Prentice Hall",i62544640,wstkg,2016-09-30 14:41,31,19,6,38,0,b47594275,DS703.S678 2010,9780132330893
HIS2601E History 2601e ,HIS2601E ,History ,Social Science,90,84.55,12,"Search For Modern ChinaEdition: 3EAuthor: SpencePublisher: Norton",i77530500,wstkg,2016-09-21 11:26,16,8,4,12,0,b61368714,DS754.S65 2013,9780393934519
HIS2606E History 2606e ,HIS2606E ,History ,Social Science,38,161.3,10,"History Of The Muslim World To 1405Author: EggerPublisher: Pearson",i56893760,kcstk,2016-09-18 14:54,11,5,1,10,0,b41951517,DS36.85.E34 2004,0130983896
HIS2606E History 2606e ,HIS2606E ,History ,Social Science,38,161.3,5,"History Of The Muslim World To 1405Author: EggerPublisher: Pearson",i77916670,wstkg,2016-12-08 17:25,9,1,4,5,0,b41951517,DS36.85.E34 2004,0130983896
HIS2606E History 2606e ,HIS2606E ,History ,Social Science,38,138.7,8,"Sources In The History Of The Modern Middle EastEdition: 2EAuthor: KhaterPublisher: Wadsworth",i70283096,wstkg,2017-02-07 9:12,13,3,5,8,0,b55858272,DS62.4.K53 2011,9780618958535
HIS2606E History 2606e ,HIS2606E ,History ,Social Science,38,71.5,0,"History Of The Modern Middle EastEdition: 6THAuthor: ClevelandPublisher: Basic Books",i84180146,wstkg,2016-11-29 14:06,2,1,2,0,0,b68205624,DS62.4.C53 2016,9780813349800
HIS2611E History 2611e ,HIS2611E ,History ,Social Science,19,40.8,13,"Sources Of Korean Tradition V2 From 16th To The 20th CenturiEdition: V2Author: ChoePublisher: Columbia",i44678629,wstkg,2016-10-24 11:37,14,8,1,13,0,b32709274,DS904.S69 1997,0231120311
HIS2611E History 2611e ,HIS2611E ,History ,Social Science,19,40.8,16,"Sources Of Korean Tradition V2 From 16th To The 20th CenturiEdition: V2Author: ChoePublisher: Columbia",i4467997x,wstkg,2014-04-11 16:59,15,15,0,16,0,b32709274,DS904.S69 1997,0231120311
HIS2611E History 2611e ,HIS2611E ,History ,Social Science,19,42.85,2,"Sources Of Korean Tradition V1 From Early Times Through 16 CEdition: V 1Author: LeePublisher: Columbia",i47131536,kcstk,2015-10-26 14:42,2,0,0,2,0,b34533667,DS904.S68,0231105673
HIS2611E History 2611e ,HIS2611E ,History ,Social Science,19,84.25,0,"Concise History Of Korea From Antiquity To The PresentEdition: 2EAuthor: SethPublisher: Rowman",i82222770,wstkg,  -  -  ,0,0,0,0,0,b66291938,DS907.18.S35 2016,9781442235175
HIS2705E History 2705e ,HIS2705E ,History ,Social Science,52,41.45,2,"Pursuit Of Power Technology Armed Forces + Society Since AdAuthor: McneillPublisher: Chicago",i60704639,kcstk,2013-09-17 14:12,2,5,0,2,0,b45135927,U37.M38 1984,0226561585
HIS3415E History 3415e ,HIS3415E ,History ,Social Science,42,64.25,28,"History Of Germany 1780-1918Edition: 2EAuthor: BlackbournPublisher: Blackwell",i51562674,wstkg,2016-09-15 16:14,18,10,2,28,0,b37279841,DD203.B6 2003,063123196X
HIS3415E History 3415e ,HIS3415E ,History ,Social Science,42,64.25,10,"History Of Germany 1780-1918Edition: 2EAuthor: BlackbournPublisher: Blackwell",i73127358,wstkg,2016-09-15 14:24,12,24,2,10,0,b37279841,DD203.B6 2003,063123196X
HIS3415E History 3415e ,HIS3415E ,History ,Social Science,42,57.1,0,"History Of Germany 1918-2008 The Divided NationEdition: 4EAuthor: FulbrookPublisher: Blackwell",i82233305,iwwwn,  -  -  ,0,0,0,0,8,b66302420,WWW access,9781118776148
HIS3427E History 3427e ,HIS3427E ,History ,Social Science,49,19.99,7,"Ordinary Men Reserve Police Battalion 101 And The Final SoluAuthor: BrowningPublisher: Harper",i81077592,kcstk,2017-02-03 16:04,9,0,2,7,0,b64913843,D804.3.B77 1998,0060995068
HIS3427E History 3427e ,HIS3427E ,History ,Social Science,49,54.7,0,"War And Genocide A Concise HistoryEdition: 3RDAuthor: BergenPublisher: Rowman + Littlefield",i81930641,hstk ,  -  -  ,0,0,0,0,0,b65958469,DD256.5.B4516 2016,9781442242289
HIS3427E History 3427e ,HIS3427E ,History ,Social Science,49,54.7,1,"War And Genocide A Concise HistoryEdition: 3RDAuthor: BergenPublisher: Rowman + Littlefield",i81978650,wstkg,2016-09-07 13:15,4,3,3,1,0,b65958469,DD256.5.B4516 2016,9781442242289
HIS3601E History 3601e ,HIS3601E ,History ,Social Science,17,78.55,38,"China Inventing The NationAuthor: HarrisonPublisher: Bloomsbury Academic",i40521229,wres3,2017-01-21 16:17,25,9,1,38,3,b2968948x,DS740.2.H37 2001,0340741341
HIS3601E History 3601e ,HIS3601E ,History ,Social Science,17,41.35,15,"Nation State By Construction Dynamics Of Modern ChineseAuthor: ZhaoPublisher: Stanford",i50294003,wres3,2017-02-09 17:54,17,4,3,15,3,b36274513,DS755.2.Z463 2004,9780804750011
HIS3601E History 3601e ,HIS3601E ,History ,Social Science,17,41.35,9,"Nation State By Construction Dynamics Of Modern ChineseAuthor: ZhaoPublisher: Stanford",i62750574,hstk ,2016-06-27 13:23,10,6,1,9,0,b36274513,DS755.2.Z463 2004,9780804750011
HIS3601E History 3601e ,HIS3601E ,History ,Social Science,17,17.3,3,"China In The 21st CenturyEdition: 2EAuthor: WasserstromPublisher: Oxford",i77740464,hstk ,2016-09-27 14:18,4,4,1,3,0,b61550619,DS779.4.W376 2013,9780199974962
HIS3605E History 3605e ,HIS3605E ,History ,Social Science,17,68.85,84,"CrusadesEdition: 2EAuthor: MayerPublisher: Oxford",i23747493,wstkg,2016-09-13 16:17,8,5,1,84,0,b20146115,D157.M3813 1988,0198730977
HIS3813E History 3813e ,HIS3813E ,History ,Social Science,15,64.2,0,"Public History A Textbook Of PracticeAuthor: CauvinPublisher: Routledge",i82031629,wdk2h,2016-12-06 18:21,9,0,9,0,6,b66095141,D16.163.C38 2016,9780765645913
HIS4301E History 4301e ,HIS4301E ,History ,Social Science,18,12.2,11,"Great Depression + The New Deal A Very Short IntroductionAuthor: RauchwayPublisher: Oxford",i5811936x,hstk ,2015-09-09 14:49,11,13,0,11,0,b42625270,E806.R38 2008,9780195326345
HIS4301E History 4301e ,HIS4301E ,History ,Social Science,18,12.2,7,"Great Depression + The New Deal A Very Short IntroductionAuthor: RauchwayPublisher: Oxford",i79838868,wres3,2015-12-06 16:21,7,0,0,7,3,b42625270,E806.R38 2008,9780195326345
HIS4301E History 4301e ,HIS4301E ,History ,Social Science,18,12.2,0,"Great Depression + The New Deal A Very Short IntroductionAuthor: RauchwayPublisher: Oxford",i79844959,iwwwn,  -  -  ,0,0,0,0,8,b42625270,E806.R38 2008,9780195326345
HIS4301E History 4301e ,HIS4301E ,History ,Social Science,18,84.65,2,"Rise And Fall Of The American CenturyAuthor: ChafePublisher: Oxford",i63915182,wres3,2016-09-04 11:49,1,0,1,2,3,b49415931,E741.C33 2009,0195382625
HIS4412E History 4412e ,HIS4412E ,History ,Social Science,19,84.15,0,"Popular Cultures In England 1550-1750Author: ReayPublisher: Longman",i84618012,wstkg,  -  -  ,0,0,0,0,0,b26905851,DA320.R43 1998,0582489547
HIS4412E History 4412e ,HIS4412E ,History ,Social Science,19,84.15,9,"Popular Cultures In England 1550-1750Author: ReayPublisher: Longman",i4207194x,hstk ,2016-11-16 14:23,11,7,2,9,0,b30680050,DA320.R43,0582489547
HIS4412E History 4412e ,HIS4412E ,History ,Social Science,19,67.3,2,"Early Modern England 1485-1714/Society In Early Modern EnglaEdition: PKGAuthor: BucholzPublisher: Blackwell",i61778151,hstk ,2016-09-15 17:26,3,0,1,2,0,b46773563,DA300.B83 2009,9781405162753
HIS4701E History 4701e ,HIS4701E ,History ,Social Science,19,20.35,0,"Lament For A NationAuthor: GrantPublisher: Mcgill-Queens",i78220105,iwwwn,  -  -  ,0,0,0,0,8,b63884331,F1034.2.G74 2005,077353010X
HIS4701E History 4701e ,HIS4701E ,History ,Social Science,19,20.35,0,"Lament For A NationAuthor: GrantPublisher: Mcgill-Queens",i79971428,wdk2h,  -  -  ,0,0,0,0,6,b63884331,F1034.2.G74 2005,077353010X
LAW5110 Law 5110 ,LAW5110 ,Law,Law,179,128.55,195,"Canadian Constitutional LawEdition: 4EAuthor: BakanPublisher: Emond Montgomery",i62964446,ldk2h,2017-02-15 12:20,210,0,15,195,6,b48017565,KF4482.C3685 2010,9781552393321
LAW5110 Law 5110 ,LAW5110 ,Law,Law,179,128.55,0,"Canadian Constitutional LawEdition: 4EAuthor: BakanPublisher: Emond Montgomery",i83795352,kcstk,2016-09-12 13:04,2,6,2,0,0,b48017565,KF4482.C3685 2010,9781552393321
LAW5115 Law5115 ,LAW5115 ,Law,Law,177,117.3,19,"Cases And Materials On ContractsEdition: 5EAuthor: WaddamsPublisher: Edmond",i7997286x,ldk2h,2016-11-24 12:53,23,0,4,19,6,b63885645,KF801.A7W27 2014,9781552395387
LAW5115 Law5115 ,LAW5115 ,Law,Law,177,117.3,0,"Cases And Materials On ContractsEdition: 5EAuthor: WaddamsPublisher: Edmond",i79973280,lmabn,  -  -  ,0,0,0,0,8,b63885645,KF801.A7W27 2014,9781552395387
LAW5115 Law5115 ,LAW5115 ,Law,Law,177,117.3,17,"Cases And Materials On ContractsEdition: 5EAuthor: WaddamsPublisher: Edmond",i80436171,ldk2h,2017-02-15 8:40,23,0,6,17,6,b63885645,KF801.A7W27 2014,9781552395387
LAW5145 Law 5145 ,LAW5145 ,Law,Law,179,117.3,1,"Tort Law Cases And MaterialsEdition: 4EAuthor: WeinribPublisher: Emond",i80045959,ldk2h,2017-02-12 13:12,16,0,15,1,6,b63924250,KF1249.W44 2014,9781552395646
LAW5145 Law 5145 ,LAW5145 ,Law,Law,179,117.3,0,"Tort Law Cases And MaterialsEdition: 4EAuthor: WeinribPublisher: Emond",i80046630,ldk2h,2016-11-22 16:12,8,0,8,0,6,b63924250,KF1249.W44 2014,9781552395646
LAW5155 Law 5155,LAW5155 ,Law,Law,114,23,36,"Getting To YesAuthor: FisherPublisher: Penguin",i72204771,ldk2h,2017-02-07 13:00,37,0,1,36,6,b57849614,BF637.N4F57 2011,9780143118756
LAW5155 Law 5155,LAW5155 ,Law,Law,114,23,14,"Getting To YesAuthor: FisherPublisher: Penguin",i72807362,kcstk,2017-02-15 13:49,18,5,4,14,0,b57849614,BF637.N4F57 2011,9780143118756
LAW5155 Law 5155,LAW5155 ,Law,Law,114,23,7,"Getting To YesAuthor: FisherPublisher: Penguin",i79120271,ustk ,2017-01-29 12:04,8,6,1,7,0,b57849614,BF637.N4F57 2011,9780143118756
MUS3942Y Music 3942y ,MUS3942Y ,Music,Music,21,28.05,28,"Handbook Of Diction For SingersEdition: 2EAuthor: AdamsPublisher: Oxford",i60404929,mstkg,2016-09-20 11:17,23,6,1,28,0,b44788022,MT883.A23 2008,9780195325591
MUS3942Y Music 3942y ,MUS3942Y ,Music,Music,21,42.35,33,"Song A Guide To Style + LiteratureEdition: 06Author: KimballPublisher: Hal Leonard",i58001748,mstkg,2016-10-03 17:48,34,16,1,33,0,b42550671,MT120.K56 2006,9781423412809
MUS4961Y Music 4961y ,MUS4961Y ,Music,Music,13,55.1,90,"Bel Canto A History Of Vocal PedagogyAuthor: StarkPublisher: Toronto",i37849980,mstk7,2017-02-15 16:43,2,34,3,90,2,b27764291,ML1460.S695 1999,0802086144
MUS4961Y Music 4961y ,MUS4961Y ,Music,Music,13,55.1,0,"Bel Canto A History Of Vocal PedagogyAuthor: StarkPublisher: Toronto",i78229467,iwwwn,  -  -  ,0,0,0,0,8,b27764291,ML1460.S695 1999,0802086144
PHI1200 Philosophy 1200 ,PHI1200 ,Philosophy,Arts and Humanities,270,85.65,2,"Intro To Critical Thinking + Creativity Think More ThinkAuthor: LauPublisher: Wiley",i71141510,wstkg,2016-12-12 16:10,3,6,1,2,0,b56714713,B809.2.L38 2011,9780470195093
PHI1200 Philosophy 1200 ,PHI1200 ,Philosophy,Arts and Humanities,270,85.65,3,"Intro To Critical Thinking + Creativity Think More ThinkAuthor: LauPublisher: Wiley",i7191593x,kcstk,2015-11-13 8:51,3,0,0,3,0,b56714713,B809.2.L38 2011,9780470195093
POL1020E Political Science 1020e ,POL1020E ,Political Science,Social Science,619,64.25,29,"PoliticsEdition: 4EAuthor: HeywoodPublisher: Palgrave",i81173374,urs2h,2017-02-07 12:42,5,0,5,29,6,b6498350x,JA66.H62 2013,9780230363380
POL1020E Political Science 1020e ,POL1020E ,Political Science,Social Science,619,57.65,19,"Political Ideologies An IntroductionEdition: 5THAuthor: HeywoodPublisher: Palgrave",i77916244,kcstk,2016-11-18 14:29,22,2,3,19,0,b6189025x,JA71.H49P6 2012,9780230367258
POL1020E Political Science 1020e ,POL1020E ,Political Science,Social Science,619,51.35,32,"Ethics And Public Policy A Philosophical InquiryAuthor: WolffPublisher: Routledge",i71478930,wres3,2016-10-17 9:37,34,0,2,32,3,b57026543,JF1525.E8W65 2011,9780415668538
POL1020E Political Science 1020e ,POL1020E ,Political Science,Social Science,619,51.35,8,"Ethics And Public Policy A Philosophical InquiryAuthor: WolffPublisher: Routledge",i80046952,kcstk,2016-11-29 17:59,10,2,2,8,0,b57026543,JF1525.E8W65 2011,9780415668538
POL2190 Political Science 2190 ,POL2190 ,Political Science,Social Science,13,56.1,5,"Mass Media Politics + DemocracyEdition: 2NDAuthor: StreetPublisher: Palgrave",i67689905,kcstk,2015-04-06 13:47,5,5,0,5,0,b52394189,P95.8.S77 2011,9781403947345
POL2190 Political Science 2190 ,POL2190 ,Political Science,Social Science,13,56.1,13,"Mass Media Politics + DemocracyEdition: 2NDAuthor: StreetPublisher: Palgrave",i70111030,wstkg,2017-01-11 12:41,17,10,4,13,0,b52394189,P95.8.S77 2011,9781403947345
POL2190 Political Science 2190 ,POL2190 ,Political Science,Social Science,13,56.1,3,"Mass Media Politics + DemocracyEdition: 2NDAuthor: StreetPublisher: Palgrave",i71998585,hstk ,2015-01-19 11:36,3,3,0,3,0,b52394189,P95.8.S77 2011,9781403947345
POL2230E Political Science 2230e ,POL2230E ,Political Science,Social Science,182,115.25,0,"Canadian Politics Critical ApproachesEdition: 8EAuthor: CochranePublisher: Nelson",i84637067,ustk ,  -  -  ,0,0,0,0,0,b68382947,JL75.D992 2017,9780176582951
POL2245E Political Science 2246e ,POL2245E ,Political Science,Social Science,43,136.15,98,"Understanding Canadian Public AdministrationEdition: 4EAuthor: InwoodPublisher: Pearson",i71306110,kcstk,2016-11-07 12:54,24,8,1,98,0,b56849217,JL108.I58 2012,9780135119976
POL2245E Political Science 2246e ,POL2245E ,Political Science,Social Science,43,136.15,32,"Understanding Canadian Public AdministrationEdition: 4EAuthor: InwoodPublisher: Pearson",i72420765,ustk ,2016-10-05 10:45,35,33,3,32,0,b56849217,JL108.I58 2012,9780135119976
POL3326E Political Science 3326e ,POL3326E ,Political Science,Social Science,50,45.85,21,"Drifting TogetherAuthor: Mcdougall FacultyPublisher: Broadview",i53414482,hstk ,2016-03-26 11:15,21,29,0,21,0,b38585145,FC249.M38 2006,1551117800
POL3326E Political Science 3326e ,POL3326E ,Political Science,Social Science,50,45.85,42,"Drifting TogetherAuthor: Mcdougall FacultyPublisher: Broadview",i56086878,wstkg,2017-01-21 17:30,26,15,1,42,0,b38585145,FC249.M38 2006,1551117800
POL3326E Political Science 3326e ,POL3326E ,Political Science,Social Science,50,45.85,19,"Drifting TogetherAuthor: Mcdougall FacultyPublisher: Broadview",i57697991,kcstk,2016-02-05 11:48,19,4,0,19,0,b38585145,FC249.M38 2006,1551117800
POL3326E Political Science 3326e ,POL3326E ,Political Science,Social Science,50,45.85,9,"Drifting TogetherAuthor: Mcdougall FacultyPublisher: Broadview",i58108099,ustk ,2012-03-05 14:32,9,6,0,9,0,b38585145,FC249.M38 2006,1551117800
POL3326E Political Science 3326e ,POL3326E ,Political Science,Social Science,50,45.85,0,"Drifting TogetherAuthor: Mcdougall FacultyPublisher: Broadview",i78229595,iwwwn,  -  -  ,0,0,0,0,8,b38585145,FC249.M38 2006,1551117800
POL3326E Political Science 3326e ,POL3326E ,Political Science,Social Science,50,30.55,37,"Whose National SecurityAuthor: BusePublisher: Between The Lines",i39844092,wstkg,2017-02-10 16:06,40,25,3,37,0,b29290302,JL86.I58W46 2000,1896357253
POL3326E Political Science 3326e ,POL3326E ,Political Science,Social Science,50,100.95,11,"Borders And Bridges Canadas Policy Relations In North AmerAuthor: HalePublisher: Oxford",i63109402,kcstk,2016-01-11 16:57,11,24,0,11,0,b48071006,JL75.B672 2010,9780195432008
POL3326E Political Science 3326e ,POL3326E ,Political Science,Social Science,50,39.75,3,"Politics Of Race Canada United States + AustraliaAuthor: VickersPublisher: Toronto",i72421940,hstk ,2016-04-18 14:32,3,2,0,3,0,b58116394,HT1521V52 2012,9781442611313
POL3326E Political Science 3326e ,POL3326E ,Political Science,Social Science,50,39.75,3,"Politics Of Race Canada United States + AustraliaAuthor: VickersPublisher: Toronto",i73162401,kcstk,2014-04-07 23:26,3,2,0,3,0,b58116394,HT1521V52 2012,9781442611313
POL3388E Political Science 3388e ,POL3388E ,Political Science,Social Science,51,35.65,62,"Human Rights Concept And ContextAuthor: OrendPublisher: Broadview",i45106204,wstkg,2016-12-12 17:20,56,26,3,62,0,b3288283x,JC571.O773 2002,1551114364
POL3388E Political Science 3388e ,POL3388E ,Political Science,Social Science,51,35.65,21,"Human Rights Concept And ContextAuthor: OrendPublisher: Broadview",i5077833x,hstk ,2016-09-14 12:38,22,12,1,21,0,b3288283x,JC571.O773 2002,1551114364
PSY2075 Psychology 2075 ,PSY2075 ,Psychology,Social Science,250,135.65,83,"Understanding Human SexualityEdition: 6THAuthor: HydePublisher: Mcgraw",i81232238,krs2h,2017-02-15 11:00,18,0,21,83,6,b65065050,HQ12.H92U5 2015,1259024768
PSY2800E Psychology 2800e ,PSY2800E ,Psychology,Social Science,189,71.55,0,"How To Think Straight About PsychologyEdition: 1OEAuthor: StanovichPublisher: Allyn + Bacon",i84140215,wstkg,2016-10-31 18:42,2,4,2,0,0,b68168391,BF76.5.S68 2013,9780205914128
PSY3317E Psychology 3317e ,PSY3317E ,Psychology,Social Science,11,50.95,3,"Community Psychology Linking Individuals And CommunitiesEdition: 3EAuthor: KloosPublisher: Nelson",i7824738x,kcstk,2016-11-09 15:06,4,0,1,3,0,b62175063,RA790.55.D84 2012,9781111830380
SOC2140 Sociology 2140 ,SOC2140 ,Sociology,Social Science,128,130.55,161,"Understanding Social ProblemsEdition: 5EAuthor: HolmesPublisher: Nelson",i81196404,krs2h,2017-02-23 17:20,63,2,63,161,6,b65040259,HN103.5.U65 2016,9780176675240
SOC2169 Sociology 2169 ,SOC2169 ,Sociology,Social Science,46,96.85,33,"Organization + Experience Of WorkEdition: 1STAuthor: AdamsPublisher: Thomson",i77810181,kcstk,2016-11-01 10:01,36,6,3,33,0,b42727613,HD8106.5.A34 2008,0176406158
SOC2202 Sociology 2202 ,SOC2202 ,Sociology,Social Science,47,56.05,1,"Sociological Perspective On AgingAuthor: FunkPublisher: Oxford",i8150343x,kcstk,2017-01-10 11:23,4,4,3,1,0,b65238321,HQ1064.C3F85 2015,9780199007530
SOC2202 Sociology 2202 ,SOC2202 ,Sociology,Social Science,47,133.6,38,"Family Ties + AgingEdition: 2EAuthor: ConnidisPublisher: Pine Forge",i61665186,ustk ,2016-03-22 17:00,38,11,0,38,0,b46400291,HQ1064.C21C75 2009,9781412959575
SOC2202 Sociology 2202 ,SOC2202 ,Sociology,Social Science,47,133.6,24,"Family Ties + AgingEdition: 2EAuthor: ConnidisPublisher: Pine Forge",i62188562,wstkg,2017-01-10 11:22,27,18,3,24,0,b47240052,HQ1064.C2C66 2010,9781412959575
SOC2202 Sociology 2202 ,SOC2202 ,Sociology,Social Science,47,133.6,22,"Family Ties + AgingEdition: 2EAuthor: ConnidisPublisher: Pine Forge",i62538895,kcstk,2016-04-14 22:57,23,6,1,22,0,b46400291,HQ1064.C21C75 2009,9781412959575
SOC2233 Sociology 2233 ,SOC2233 ,Sociology,Social Science,74,189.95,42,"Social Psychology A Sociological Perspective*op*Author: VonderhaarPublisher: Pearson",i77905416,krs2h,2016-12-13 10:20,15,0,15,42,6,b61753257,HM1033.V66 2005,0130809837
SOC2235 Sociology 2235 ,SOC2235 ,Sociology,Social Science,72,132.55,131,"Canadian Families Diversity Conflict And ChangeEdition: 4EAuthor: MandellPublisher: Nelson",i71306286,krs2h,2017-01-25 16:09,15,3,15,131,6,b56851248,HQ560.C37 2011,9780176442675
SOC2235 Sociology 2235 ,SOC2235 ,Sociology,Social Science,72,132.55,25,"Canadian Families Diversity Conflict And ChangeEdition: 4EAuthor: MandellPublisher: Nelson",i72006493,ustk ,2016-09-08 13:46,19,11,3,25,0,b56851248,HQ560.C37 2011,9780176442675
SOC2235 Sociology 2235 ,SOC2235 ,Sociology,Social Science,72,132.55,21,"Canadian Families Diversity Conflict And ChangeEdition: 4EAuthor: MandellPublisher: Nelson",i81232391,krs2h,2017-01-30 11:25,12,0,12,21,6,b56851248,HQ560.C37 2011,9780176442675
SOC2239 Sociology 2239 ,SOC2239 ,Sociology,Social Science,39,32.99,0,"BrownAuthor: Al-SolayleePublisher: Harper",i82061312,kcstk,2016-09-26 10:04,3,1,3,0,0,b66132332,GN549.B76A57 2016,9781443441438
SOC2240E Sociology 2240e ,SOC2240E ,Sociology,Social Science,243,48.6,0,"On Social PsychologyAuthor: Mead Edited By StraussPublisher: Chicago",i77905404,kcstk,  -  -  ,0,0,0,0,0,b61753245,B945.M463S6 1977,0226516652
SOC2241E Sociology 2241e ,SOC2241E ,Sociology,Social Science,33,91.75,0,"Gendered Society Reader 3rd Canadian EditionEdition: 3EAuthor: KimmelPublisher: Oxford",i83605496,ustk ,2016-12-09 21:06,21,0,21,0,0,b67649592,HQ1075.G38 2015,9780199006977
SOC2259 Sociology 2259 ,SOC2259 ,Sociology,Social Science,120,18,21,"Stigma Notes On The Management Of Spoiled IdentityAuthor: GoffmanPublisher: Simon + Schuster",i44093032,ustk ,2017-01-12 15:04,25,17,4,21,0,b32193506,HV1568.G61s,0671622447
SOC2259 Sociology 2259 ,SOC2259 ,Sociology,Social Science,120,18,67,"Stigma Notes On The Management Of Spoiled IdentityAuthor: GoffmanPublisher: Simon + Schuster",i46647648,krs2h,2017-01-27 11:32,1,6,1,67,6,b34132569,BF727.H3G63,0671622447
SOC2259 Sociology 2259 ,SOC2259 ,Sociology,Social Science,120,18,32,"Stigma Notes On The Management Of Spoiled IdentityAuthor: GoffmanPublisher: Simon + Schuster",i6172452x,kcstk,2016-05-16 14:26,28,16,1,32,0,b34132569,BF727.H3G63,0671622447
SOC2259 Sociology 2259 ,SOC2259 ,Sociology,Social Science,120,18,35,"Stigma Notes On The Management Of Spoiled IdentityAuthor: GoffmanPublisher: Simon + Schuster",i61724543,kcstk,2014-10-20 15:29,20,10,0,35,0,b34132569,BF727.H3G63,0671622447
SOC2259 Sociology 2259 ,SOC2259 ,Sociology,Social Science,120,109.5,75,"Deviance Conformity And Social Control In CanadaEdition: 4EAuthor: BereskaPublisher: Pearson",i79969549,ustk ,2016-11-17 14:20,79,0,4,75,0,b63881779,HM811.B49 2014,9780133098297
VAS1020 Visual Arts Studio 1020 ,VAS1020 ,Visual Arts Studio,Arts and Humanities,200,217.25,84,"Art Fundamentals Theory And PracticeEdition: 12EAuthor: Otto OcvrikPublisher: Mcgraw",i77575489,wres3,2017-01-04 11:21,86,0,2,84,3,b61411036,N7430.A697 2013,9780073379272
WOM2220E Womens Studies 2220e ,WOM2220E ,Womens Studies,Arts and Humanities,71,14,21,"Pale As Real Ladies 89Author: CratePublisher: Brick",i24175973,wstkg,2016-06-20 12:03,22,14,1,21,0,b20500270,PR9299.1.C76P35 1989,0919626432
WOM2220E Womens Studies 2220e ,WOM2220E ,Womens Studies,Arts and Humanities,71,14,0,"Pale As Real Ladies 89Author: CratePublisher: Brick",i5132376x,acsrn,  -  -  ,0,0,0,0,8,b37009163,PR9299.1.C76P35 1991,0919626432
WOM2220E Womens Studies 2220e ,WOM2220E ,Womens Studies,Arts and Humanities,71,14,5,"Pale As Real Ladies 89Author: CratePublisher: Brick",i55108003,krs3d,2013-02-06 17:07,0,4,0,5,3,b37009163,PR9299.1.C76P35 1991,0919626432
WOM4455E Womens Studies 4455e ,WOM4455E ,Womens Studies,Arts and Humanities,5,68.35,56,"Twentieth Century Sexuality A HistoryAuthor: MclarenPublisher: Wiley",i36937861,wstkg,2016-09-18 13:41,57,25,1,56,0,b27363193,HQ16.M35 1999,9780631208136
WOM4455E Womens Studies 4455e ,WOM4455E ,Womens Studies,Arts and Humanities,5,68.35,8,"Twentieth Century Sexuality A HistoryAuthor: MclarenPublisher: Wiley",i72806278,kcstk,2015-09-25 14:42,8,8,0,8,0,b27363193,HQ16.M35 1999,9780631208136