Code,Subject,Discipline,Student Enrollment,Cost,Textbook,LOCATION,LOUTDATE,TOT CHKOUT,TOT RENEW,YTDCIRC,TOTAL CIRC,I TYPE,RECORD #(ITEM),RECORD #(BIBLIO),Call No,ISBN
AHU1020E ,Arts & Humanities,Arts and Humanities,27,23,"Death Of King ArthurAuthor: Translator CablePublisher: Penguin",wstkg,10/26/2016 14:15,6,1,2,4,0,i68090158,b53733022,PQ1496.M75E5 1971,140442553
AHU1020E ,Arts & Humanities,Arts and Humanities,27,13.25,"Dame Aux CameliasAuthor: DumasPublisher: Oxford",ustk ,3/4/2014 14:14,2,0,0,2,0,i73169286,b59015755,PQ2231.D2E5 2008,9.7802E+12
AHU1020E ,Arts & Humanities,Arts and Humanities,27,24,"HeptameronAuthor: De NavarrePublisher: Penguin",wstkg,10/11/2016 13:48,49,25,1,48,0,i10825277,b10624259,PQ1631.H3E5 1984,014044355X
AHU2200E ,Arts & Humanities,Arts and Humanities,27,22.8,"Dionysian Vision Of The World/Plastic SleeveAuthor: NietzschePublisher: Minnesota",wstkg,11/9/2016 12:42,3,3,1,2,0,i79039625,b62990020,BL820.B2N4513 2013,9.78194E+12
AME2200E ,American Studies,Social Science,8,50,"Locating American Studies The Evolution Of A DiciplineAuthor: MaddoxPublisher: Johns Hopkins",wres3,12/5/2011 15:06,0,0,0,12,3,i51674488,b37361946,E175.8.L58 1999,801860563
ANA3309 ,Anatomy,Medicine and Dentistry,161,127,"Histology Text + Atlas With Correlated Cell + Molecular BEdition: 7EAuthor: PawlinaPublisher: Lippincott",tstkg,11/15/2016 8:32,2,0,2,0,0,i84284651,b6465204x,QS517.R825h 2016,9.78145E+12
ANA3309 ,Anatomy,Medicine and Dentistry,161,127,"Histology Text + Atlas With Correlated Cell + Molecular BEdition: 7EAuthor: PawlinaPublisher: Lippincott",tstkg,  -  -  ,0,0,0,0,0,i84705176,b6465204x,QS517.R825h 2016,9.78145E+12
ANT1020E ,Anthropology,Social Science,180,51.55,"Oxford Intro Language Study Language + CultureAuthor: KramschPublisher: Oxford",wdk2h,2/23/2017 14:38,3,0,3,0,6,i8379492x,b68230850,P35.K73 1998,9.78019E+12
ANT1020E ,Anthropology,Social Science,180,51.35,"Schooled On FatAuthor: TaylorPublisher: Routledge",iwwwn,  -  -  ,0,0,0,0,8,i82264132,b66333271,WWW access,9.78114E+12
ANT1020E ,Anthropology,Social Science,180,54,"Introducing ArchaeologyEdition: 2EAuthor: MucklePublisher: Toronto",iwwwn,  -  -  ,0,0,0,0,8,i80358111,b64232414,CC165.M83 2014,9.78144E+12
ANT1020E ,Anthropology,Social Science,180,54,"Introducing ArchaeologyEdition: 2EAuthor: MucklePublisher: Toronto",wdk2h,12/1/2016 12:27,1,0,1,4,6,i81236943,b64232414,CC165.M83 2014,9.78144E+12
ANT3301E ,Anthropology,Social Science,40,37.5,"In Search Of A PastEdition: 4EAuthor: FraserPublisher: Verso",wres1,3/19/2016 15:38,0,0,0,8,5,i79196792,b63124579,DA3.F7A3 2010,1844675971
ANT4400E ,Anthropology,Social Science,13,49.95,"Friction An Ethnography Of Global ConnectionAuthor: TsingPublisher: Princeton",hstk ,1/13/2017 10:03,46,35,2,44,0,i50358029,b36310475,GN345.6.T75 2005,069112065X
ANT4400E ,Anthropology,Social Science,13,49.95,"Friction An Ethnography Of Global ConnectionAuthor: TsingPublisher: Princeton",wdk2h,7/18/2016 16:15,0,30,1,36,6,i50719798,b36310475,GN345.6.T75 2005,069112065X
ANT4400E ,Anthropology,Social Science,13,31.35,"Unwrapping The Sacred BundleAuthor: SegalPublisher: Duke",wdk2h,9/23/2013 13:46,0,2,0,13,6,i51440672,b37142719,GN41.8.U58 2005,822334747
ANT4400E ,Anthropology,Social Science,13,42.8,"Recapturing Anthropology Working In The PresentAuthor: FoxPublisher: New Mexico Press",wdk2h,10/25/2016 13:36,4,15,5,52,6,i25179366,b21357006,GN33.R43 1991,9.78093E+12
ASC2053 ,Actuarial Sciences,Science,446,135.65,"Mathematics Of FinanceEdition: 8EAuthor: BrownPublisher: Mcgraw",krs2h,2/9/2017 11:21,93,0,95,92,6,i81232317,b65065384,HF5691.Z55 2015,9.78007E+12
BUS2257 ,Business Administration,Business,366,70.9,"Financial Accounting Tools For Business Decision Making CustEdition: 6EAuthor: WileyPublisher: Wiley",krs2h,11/20/2016 16:56,21,0,21,0,6,i83773022,b67806661,HF5635.K5383 2016,9.78112E+12
CLA2200 ,Classical Studies,Arts and Humanities,670,193.75,"Classical Mythology Images And InsightsEdition: 6THAuthor: HarrisPublisher: Mcgraw",wdk2h,2/24/2017 12:52,111,0,111,96,6,i80778033,b64633639,BL722.H37 2012,9.78007E+12
CLA2300 ,Classical Studies,Arts and Humanities,690,53,"Sport And Spectacle In The Ancient WorldEdition: 2EAuthor: KylePublisher: Wiley",iwwwn,  -  -  ,0,0,0,0,8,i81337036,b65177964,WWW access,9.78112E+12
CLA3410E ,Classical Studies,Arts and Humanities,30,25,"History Of The Peloponnesian WarAuthor: ThucydidesPublisher: Penguin",wstkg,12/6/2011 11:00,27,9,0,27,0,i33226106,b25597905,DF229.T5W37 1972,140440399
CLA3410E ,Classical Studies,Arts and Humanities,30,133.4,"Problems In The History Of Ancient Greece Source And InterAuthor: KaganPublisher: Prentice Hall",wstkg,10/31/2016 11:02,7,3,2,43,0,i63416736,b48841080,DF211.K34 2010,136140459
CLA3410E ,Classical Studies,Arts and Humanities,30,133.4,"Problems In The History Of Ancient Greece Source And InterAuthor: KaganPublisher: Prentice Hall",wstkg,4/26/2013 17:15,7,1,1,23,0,i63440325,b48841080,DF211.K34 2010,136140459
CLC1040 ,Comparative Literature,Arts and Humanities,19,15.99,"Dream StoryAuthor: SchnitzlerPublisher: Penguin",wstkg,12/5/2016 15:56,36,18,1,35,0,i37818752,b27748236,PT2638.N5T7313 1999,141182245
CLC1040 ,Comparative Literature,Arts and Humanities,19,15.99,"Dream StoryAuthor: SchnitzlerPublisher: Penguin",kcstk,11/1/2010 18:35,1,2,0,1,0,i60567387,b27748236,PT2638.N5T7313 1999,141182245
CLC1040 ,Comparative Literature,Arts and Humanities,19,12.7,"Candide + Related TextsAuthor: VolatirePublisher: Hackett",wstkg,8/3/2016 16:55,33,17,1,32,0,i40298097,b29315013,PQ2082.C3E5 2000,9.78087E+12
CLC1040 ,Comparative Literature,Arts and Humanities,19,17.3,"How Literature Works 50 Key ConceptsAuthor: SutherlandPublisher: Oxford",kcstk,10/27/2015 16:49,7,12,0,7,0,i71300752,b56760310,PN44.5.S88 2011,9.7802E+12
CLC1040 ,Comparative Literature,Arts and Humanities,19,17.3,"How Literature Works 50 Key ConceptsAuthor: SutherlandPublisher: Oxford",wstkg,9/26/2016 12:00,1,2,1,0,0,i81764479,b56760310,PN44.5.S88 2011,9.7802E+12
CLC1050E ,Comparative Literature,Arts and Humanities,26,101.95,"Experience HumanitiesEdition: 8THAuthor: MatthewsPublisher: Mcgraw",krs2h,9/26/2016 17:22,1,4,3,8,6,i78088987,b62067771,CB245.M375W4 2014,9.78007E+12
DEN5130 ,Dentistry,Medicine and Dentistry,56,175.45,"Management Of Temporomandibular DisordersEdition: 7EAuthor: OkesonPublisher: Mosby",tstkg,5/24/2016 17:38,10,9,0,10,0,i73507040,b59360628,WU140.O41f 2013,9.78032E+12
DEN5131 ,Dentistry,Medicine and Dentistry,56,203.95,"Dental Anatomy Self Instructional ProgramEdition: 10EAuthor: KarstPublisher: Appleton + Lange",tstkg,10/12/2016 15:44,38,23,2,36,0,i34463318,b26298193,WU18.2.D4136 1998,838514928
DEN5348 ,Dentistry,Medicine and Dentistry,76,207.1,"Contemporary Oral And Maxillofacial SurgeryEdition: 6EAuthor: HuppPublisher: Mosby",tstkg,2/1/2017 14:51,24,0,10,14,0,i77706535,b61516296,WU600.C761 2014,9.78032E+12
ENG1020E ,English,Arts and Humanities,185,19.5,"Magic ToyshopEdition: 96Author: CarterPublisher: Penguin",wstkg,1/5/2017 13:16,26,32,2,24,0,i4735690x,b34731945,PR6053.A73M35 1996,140256407
ENG1022E ,English,Arts and Humanities,106,35.65,"Canadian Writers Handbook Essentials EditionAuthor: MessengerPublisher: Oxford",estkg,1/30/2017 18:49,28,14,6,22,0,i72736987,b58695126,PE1413.M52 2012,9.7802E+12
ENG1022E ,English,Arts and Humanities,106,35.65,"Canadian Writers Handbook Essentials EditionAuthor: MessengerPublisher: Oxford",kcstk,1/16/2017 13:34,7,0,2,5,0,i73170641,b58695126,PE1413.M52 2012,9.7802E+12
ENG1022E ,English,Arts and Humanities,106,35.65,"Canadian Writers Handbook Essentials EditionAuthor: MessengerPublisher: Oxford",wrefn,5/1/2014 13:22,1,0,0,1,8,i78992023,b58695126,PE1413.M52 2012,9.7802E+12
ENG1022E ,English,Arts and Humanities,106,16.95,"Brave New WorldAuthor: HuxleyPublisher: Vintage",ustk ,9/26/2016 16:52,29,29,3,26,0,i60916680,b42625336,PR6015.U9B7 2007,9.78031E+12
ENG1022E ,English,Arts and Humanities,106,16.95,"Brave New WorldAuthor: HuxleyPublisher: Vintage",kcstk,10/6/2016 15:08,12,6,3,9,0,i7359846x,b42625336,PR6015.U9B7 2007,9.78031E+12
ENG2017 ,English,Arts and Humanities,157,22.95,"Black HoleAuthor: BurnsPublisher: Pantheon",krs3d,4/13/2016 20:45,0,2,0,5,3,i71471480,b5686758x,PN6727.B87B53 2008,375714723
ENG2017 ,English,Arts and Humanities,157,94.85,"Popular Culture A Users GuideEdition: 3EAuthor: ObrienPublisher: Nelson",krs2h,2/2/2017 16:45,7,4,7,54,6,i78360365,b62304227,CB430.O27 2014,9.78018E+12
ENG2017 ,English,Arts and Humanities,157,94.85,"Popular Culture A Users GuideEdition: 3EAuthor: ObrienPublisher: Nelson",ustk ,9/26/2016 11:55,37,1,4,33,0,i79521873,b62304227,CB430.O27 2014,9.78018E+12
ENG2017 ,English,Arts and Humanities,157,94.85,"Popular Culture A Users GuideEdition: 3EAuthor: ObrienPublisher: Nelson",wstkg,  -  -  ,0,0,0,0,0,i83607754,b62304227,CB430.O27 2014,9.78018E+12
ENG2017 ,English,Arts and Humanities,157,31,"Between The World And Me  Author: CoatesPublisher: Spiegel + Grau",wstkg,1/20/2017 9:11,14,5,5,9,0,i81125483,b64950165,E185.615.C6335 2015,9.78081E+12
ENG2017 ,English,Arts and Humanities,157,31,"Between The World And Me  Author: CoatesPublisher: Spiegel + Grau",hmz  ,2/9/2017 13:49,7,4,2,5,0,i81206410,b64950165,E185.615.C6335 2015,9.78081E+12
ENG2017 ,English,Arts and Humanities,157,31,"Between The World And Me  Author: CoatesPublisher: Spiegel + Grau",kcstk,7/12/2016 14:41,4,4,2,2,0,i81878114,b64950165,E185.615.C6335 2015,9.78081E+12
ENG2033E ,English,Arts and Humanities,130,9.99,"Where The Wild Things AreAuthor: SendakPublisher: Harper",kcstk,1/14/2017 16:35,5,2,1,4,0,i67485029,b5281192x,PS3537.E5W5 1991,64431789
ENG2033E ,English,Arts and Humanities,130,8.5,"Little House On The PrairieAuthor: WilderPublisher: Harper",kcstk,1/20/2017 12:58,8,4,1,7,0,i77533021,b61366766,PZ7.W6461L53 1971,9.78006E+12
ENG2033E ,English,Arts and Humanities,130,8.5,"Lion The Witch And The WardrobeAuthor: LewisPublisher: Harper",ustk ,8/2/2016 13:53,8,2,2,6,0,i78561772,b62485611,PZ8.L67L76 2002,64471047
ENG2033E ,English,Arts and Humanities,130,19.95,"Curious Incident Of The Dog In The Night TimeAuthor: HaddonPublisher: Anchor",hstk ,2/9/2017 16:53,46,29,1,45,0,i50608666,b3646840x,PR6058.A33C8 2004,385659806
ENG2033E ,English,Arts and Humanities,130,7.99,"Harriet The SpyAuthor: FitzhughPublisher: Yearling",hstk ,6/4/2015 17:11,26,15,0,26,0,i55861672,b40964735,PZ7.F5768Ha 2001,440416795
ENG2033E ,English,Arts and Humanities,130,7.95,"Peter PanAuthor: BarriePublisher: Bantam",ustk ,5/24/2016 14:01,36,26,0,36,0,i43956890,b68230874,PR4074.P47 2008,553211781
ENG2033E ,English,Arts and Humanities,130,8.99,"Tale Of Peter RabbitAuthor: PotterPublisher: Warne",krs3d,1/17/2017 12:37,2,3,2,10,3,i7317189x,b5898804x,PR6031.O8T31 2002,723247706
ENG2033E ,English,Arts and Humanities,130,9.75,"Charlottes WebAuthor: WhitePublisher: Harper",kcstk,1/5/2017 15:23,4,0,1,3,0,i81193889,b65039348,PZ7.W58277C4 2012,64400557
ENG2033E ,English,Arts and Humanities,130,6.99,"Little Women Puffin ClassicAuthor: AlcottPublisher: Penguin",kcstk,1/23/2017 18:02,11,4,1,14,0,i73523422,b59366734,PS1017.L5 2008,9.78014E+12
ENG2033E ,English,Arts and Humanities,130,12.99,"Boy In The Striped PajamasAuthor: BoynePublisher: David Fickling",wstkg,1/9/2017 9:59,23,13,2,21,0,i77202570,b61042286,PR6102.O96B69 2006,9.78039E+12
ENG2033E ,English,Arts and Humanities,130,11.99,"Hunger GamesAuthor: CollinsPublisher: Scholastic",ustk ,3/28/2016 14:09,62,16,0,62,0,i64048718,b49542667,PZ7.C72H931 2008,9.78044E+12
ENG2033E ,English,Arts and Humanities,130,11.99,"Hunger GamesAuthor: CollinsPublisher: Scholastic",hstk ,9/12/2016 14:51,21,7,1,20,0,i72744534,b49542667,PZ7.C72H931 2008,9.78044E+12
ENG2033E ,English,Arts and Humanities,130,11.99,"Hunger GamesAuthor: CollinsPublisher: Scholastic",wstkg,3/11/2016 16:41,19,3,0,27,0,i73039470,b49542667,PZ7.C72H931 2008,9.78044E+12
ENG2033E ,English,Arts and Humanities,130,11.99,"Hunger GamesAuthor: CollinsPublisher: Scholastic",estkg,10/12/2016 16:42,6,0,2,4,0,i78479903,b49542667,PZ7.C72H931 2008,9.78044E+12
ENG2033E ,English,Arts and Humanities,130,11.99,"Hunger GamesAuthor: CollinsPublisher: Scholastic",krs3d,9/19/2016 16:57,1,0,1,3,3,i81123747,b49542667,PZ7.C72H931 2008,9.78044E+12
ENG2033E ,English,Arts and Humanities,130,7.95,"Peter PanAuthor: BarriePublisher: Bantam",wstkg,1/16/2017 14:54,40,24,3,37,0,i62763672,b47786097,PR4074.P3 2008,553211781
ENG2033E ,English,Arts and Humanities,130,14.99,"Harry Potter And The Philosophers StoneAuthor: RowlingPublisher: Bloomsbury",krs3d,  -  -  ,0,0,0,0,3,i84775361,b68526726,PR6068.O95H31 2014,9.78141E+12
ENG2033E ,English,Arts and Humanities,130,9.99,"Anne Of Green GablesAuthor: MontgomeryPublisher: Tundra",krs3d,10/7/2016 13:40,1,0,1,4,3,i81074748,b64889786,PS8526.O52A52 2014,9.78177E+12
ENG2033E ,English,Arts and Humanities,130,33.65,"Folk & Fairy TalesEdition: 4EAuthor: HallettPublisher: Broadview",krs2h,11/14/2016 16:05,2,2,2,85,6,i6327131x,b4762808x,PZ8.F66 2009,155111898X
ENG2033E ,English,Arts and Humanities,130,33.65,"Folk & Fairy TalesEdition: 4EAuthor: HallettPublisher: Broadview",wres3,12/7/2016 14:07,25,1,4,21,3,i79168450,b4762808x,PZ8.F66 2009,155111898X
ENG2264E ,English,Arts and Humanities,28,21,"Can You Hear The Nightbird CallAuthor: BadamiPublisher: Vintage",kcstk,12/11/2013 20:29,10,5,1,9,0,i56279206,b41289031,PR9299.1.B156C36 2006,9.78068E+12
ENG2264E ,English,Arts and Humanities,28,16.95,"Unnatural And Accidental WomenAuthor: ClementsPublisher: Talonbooks",wstkg,12/9/2016 20:37,13,5,1,25,0,i51571158,b37284538,PR9299.1.C475U55 2005,889225214
ENG2264E ,English,Arts and Humanities,28,21,"I Shall Not HateAuthor: AbuelaishPublisher: Vintage",kcstk,9/6/2016 13:32,4,7,1,3,0,i78548949,b62664499,R644.P3A28 2011b,9.78031E+12
ENG2264E ,English,Arts and Humanities,28,21,"I Shall Not HateAuthor: AbuelaishPublisher: Vintage",ustk ,  -  -  ,0,0,0,0,0,i84654326,b62664499,R644.P3A28 2011b,9.78031E+12
ENG2264E ,English,Arts and Humanities,28,21.95,"Fun Home A Family TragicomicAuthor: BechdelPublisher: Mariner",kdk1d,11/23/2016 0:00,2,3,3,13,5,i71446254,b56867578,PN6727.B3757Z46 2007,9.78062E+12
ENG2264E ,English,Arts and Humanities,28,21.95,"Fun Home A Family TragicomicAuthor: BechdelPublisher: Mariner",wstkg,3/9/2016 11:11,14,11,0,16,0,i72982809,b56867578,PN6727.B3757Z46 2007,9.78062E+12
ENG2264E ,English,Arts and Humanities,28,21,"Can You Hear The Nightbird CallAuthor: BadamiPublisher: Vintage",hstk ,1/8/2015 20:51,6,0,0,6,0,i73528493,b59433218,PS8553.A33C36 2007,9.78068E+12
ENG2264E ,English,Arts and Humanities,28,36.7,"Universal Human Rights In Theory And PracticeEdition: 3EAuthor: DonnellyPublisher: Cornell",krs2h,3/14/2016 23:09,0,6,0,5,6,i77431273,b61159475,JC571.D755 2013,9.7808E+12
ENG2264E ,English,Arts and Humanities,28,36.7,"Universal Human Rights In Theory And PracticeEdition: 3EAuthor: DonnellyPublisher: Cornell",wstkg,10/3/2016 17:21,9,5,2,7,0,i78386093,b61159475,JC571.D755 2013,9.7808E+12
ENG2307E ,English,Arts and Humanities,82,13.99,"ArcadiaAuthor: StoppardPublisher: Faber",wres7,11/28/2016 17:37,1,23,1,57,2,i27533992,b2336760x,PR6069.T65A84 1993,571169341
ENG2307E ,English,Arts and Humanities,82,24.05,"Sense And SensibilityAuthor: AustenPublisher: Norton",wstkg,7/14/2016 15:05,46,26,2,44,0,i41241836,b30092413,PR4034.S4 2002,9.78039E+12
ENG2308E ,English,Arts and Humanities,71,22.99,"Citizen An American LyricAuthor: RankinePublisher: Graywolf",wstkg,11/24/2016 21:03,6,1,3,3,0,i80394589,b64260641,PS3568.A572C58 2014,9.78156E+12
ENG2309E ,English,Arts and Humanities,20,72.25,"Canadian Literature In English Texts + Contents Vol #1Author: SugarsPublisher: Pearson",kcstk,9/18/2014 13:04,12,7,0,51,0,i62329467,b47394080,PS8231.S84 2009,321313623
ENG2309E ,English,Arts and Humanities,20,72.25,"Canadian Literature In English Texts + Contents Vol #1Author: SugarsPublisher: Pearson",kcstk,10/27/2016 16:47,19,6,1,79,0,i62334876,b47394080,PS8231.S84 2009,321313623
ENG2309E ,English,Arts and Humanities,20,72.25,"Canadian Literature In English Texts + Contents Vol #1Author: SugarsPublisher: Pearson",hstk ,11/3/2016 12:13,16,12,4,12,0,i72104077,b47394080,PS8231.S84 2009,321313623
ENG2309E ,English,Arts and Humanities,20,72.25,"Canadian Literature In English Texts + Contents Vol #1Author: SugarsPublisher: Pearson",hstk ,11/3/2016 12:13,18,17,4,14,0,i72104119,b47394080,PS8231.S84 2009,321313623
ENG2310E ,English,Arts and Humanities,39,18,"TranslationsAuthor: FrielPublisher: Faber",krs3d,11/23/2016 16:56,6,5,6,13,3,i61211503,b35331586,PR6056.R54T73 2000,571117422
ENG3224E ,English,Arts and Humanities,38,38.15,"Seventeenth Century British PoetryAuthor: RumrichPublisher: Norton",kcstk,4/28/2012 14:38,7,4,0,7,0,i5512026x,b38608273,PR1209.S515 2006,393979989
ENG3224E ,English,Arts and Humanities,38,24.05,"UtopiaEdition: 3EAuthor: MorePublisher: Norton",kcstk,9/23/2014 16:50,3,2,0,3,0,i64061310,b49499579,PR2321.U7 2011,9.78039E+12
ENG3334E ,English,Arts and Humanities,32,14.25,"RoverEdition: 2EAuthor: BehnPublisher: Broadview",hstk ,11/11/2015 13:44,10,6,0,10,0,i42021443,b3063460x,PR3317.R58 1998,1551112140
ENG3444E ,English,Arts and Humanities,73,97.8,"Norton Anthology Of English Literature Volume 2Edition: 9EAuthor: GreenblattPublisher: Norton",kcstk,11/17/2016 12:51,19,1,1,23,0,i73171864,b58988087,PR1109.N6 2012,9.78039E+12
ENG3444E ,English,Arts and Humanities,73,97.8,"Norton Anthology Of English Literature Volume 2Edition: 9EAuthor: GreenblattPublisher: Norton",krs2h,2/16/2017 13:29,10,0,10,28,6,i73171876,b58988087,PR1109.N6 2012,9.78039E+12
ENG3554E ,English,Arts and Humanities,30,16.99,"Between The ActsAuthor: WoolfPublisher: Penguin",hstk ,1/10/2017 12:50,1,0,1,3,0,i53003275,b3853387x,PR6045.O72B42 2000,141184523
ENG3554E ,English,Arts and Humanities,30,16.99,"Between The ActsAuthor: WoolfPublisher: Penguin",kcstk,3/17/2015 9:14,3,0,0,4,0,i58493086,b3853387x,PR6045.O72B42 2000,141184523
ENG3554E ,English,Arts and Humanities,30,13.25,"Good SoldierEdition: 4EAuthor: FordPublisher: Oxford",kcstk,8/1/2014 13:17,3,5,0,3,0,i74997701,b5962663x,PR6011.O53G6 2012,9.7802E+12
FNS1020E ,First Nations Studies,Social Science,38,95.85,"Ways Of Knowing An Intro To Native Studies In CanadaEdition: 2EAuthor: BelangerPublisher: NelsonStores: The Book S",hmz  ,1/9/2017 16:10,8,5,1,7,0,i79008975,b62968117,E78.C2B3925 2014,9.78018E+12
FNS1020E ,First Nations Studies,Social Science,38,22,"Inconvenient IndianAuthor: KingPublisher: Anchor",kcstk,10/17/2016 21:34,9,9,2,7,0,i77966053,b61946448,E77.K566 2013,9.78039E+12
FNS1020E ,First Nations Studies,Social Science,38,22,"Inconvenient IndianAuthor: KingPublisher: Anchor",hstk ,10/24/2016 15:07,2,1,2,0,0,i84259243,b61946448,E77.K566 2013,9.78039E+12
FNS2901E ,First Nations Studies,Social Science,22,37.7,"Sweet Promises A Reader On Indian White Relations In CanadaAuthor: MillerPublisher: Toronto",lstkg,3/2/2016 17:26,18,20,0,53,0,i25572064,b21677864,E78.C2S894 1991,9.7808E+12
FNS2901E ,First Nations Studies,Social Science,22,37.7,"Sweet Promises A Reader On Indian White Relations In CanadaAuthor: MillerPublisher: Toronto",jstk ,4/1/2008 19:57,2,4,0,2,0,i45901405,b33540056,E78 C2 S94 1991,9.7808E+12
FNS2901E ,First Nations Studies,Social Science,22,26.95,"National CrimeAuthor: MilloyPublisher: Manitoba",wstkg,11/29/2016 9:34,112,41,2,162,0,i36789070,b27302039,E96.5.M54 1999,9.78089E+12
FNS2901E ,First Nations Studies,Social Science,22,26.95,"National CrimeAuthor: MilloyPublisher: Manitoba",hmz  ,6/10/2015 9:21,52,41,1,51,0,i4189215x,b30519287,E96.5.M544,9.78089E+12
FNS2901E ,First Nations Studies,Social Science,22,26.95,"National CrimeAuthor: MilloyPublisher: Manitoba",jstk ,3/14/2014 13:15,14,6,0,14,0,i46060200,b33686592,E96.5 M56 1999,9.78089E+12
FNS2901E ,First Nations Studies,Social Science,22,26.95,"National CrimeAuthor: MilloyPublisher: Manitoba",kcstk,4/11/2016 8:38,53,34,0,66,0,i47155991,b34556588,E96.5.M55N3,9.78089E+12
FNS2901E ,First Nations Studies,Social Science,22,100.95,"Canadas First Nations A History Of Founding PeoplesEdition: 4EAuthor: DickasonPublisher: Oxford",wstkg,9/17/2016 22:51,29,10,2,33,0,i62294805,b47349980,E78.C2D538 2009,9.7802E+12
FNS2901E ,First Nations Studies,Social Science,22,37.55,"Breathing Life Into The Stone Fort Treaty An AnishinabeAuthor: Craft",hstk ,6/24/2016 15:46,2,0,0,2,0,i77427518,b6127088x,KE7749.O45C73 2013,9.7819E+12
FNS2901E ,First Nations Studies,Social Science,22,37.55,"Breathing Life Into The Stone Fort Treaty An AnishinabeAuthor: Craft",lstkg,10/5/2015 10:35,2,3,0,2,0,i77450097,b6127088x,KE7749.O45C73 2013,9.7819E+12
FRE1910 ,French,Arts and Humanities,123,150.95,"En Bonne Forme Text OnlyEdition: 8EAuthor: RenaudPublisher: Wiley",krs2h,2/13/2017 12:03,16,0,16,116,6,i80014562,b63891529,G128.G495 2013,9.78007E+12
HIS1401E ,History ,Social Science,124,30.6,"Pocket Guide To Writing In HistoryEdition: 8EAuthor: RampollaPublisher: Bedford",krs2h,2/24/2017 13:54,21,0,21,3,6,i81123759,b64948900,D13.R25P6 2015,9.78146E+12
HIS1401E ,History ,Social Science,124,30.6,"Pocket Guide To Writing In HistoryEdition: 8EAuthor: RampollaPublisher: Bedford",hrfq ,  -  -  ,0,0,0,0,0,i81180184,b64948900,D13.R25P6 2015,9.78146E+12
HIS1401E ,History ,Social Science,124,30.6,"Pocket Guide To Writing In HistoryEdition: 8EAuthor: RampollaPublisher: Bedford",urs2h,  -  -  ,0,0,0,0,6,i81187774,b64948900,D13.R25P6 2015,9.78146E+12
HIS1401E ,History ,Social Science,124,30.6,"Pocket Guide To Writing In HistoryEdition: 8EAuthor: RampollaPublisher: Bedford",hwc  ,  -  -  ,0,0,0,0,8,i8124079x,b64948900,D13.R25P6 2015,9.78146E+12
HIS1401E ,History ,Social Science,124,234.6,"History Of Europe In The Modern WorldEdition: 11EAuthor: PalmerPublisher: Mcgraw",krs2h,9/19/2016 13:49,2,0,2,16,6,i79968247,b63876899,D209.P26 2014,9.78007E+12
HIS1601E ,History ,Social Science,238,176.4,"East Asia A Cultural Social + Political HistoryEdition: 3EAuthor: EbreyPublisher: Wadsworth",kcstk,3/30/2016 19:39,2,0,0,2,0,i81198103,b65042025,DS511.E22 2014,9.78113E+12
HIS1807 ,History ,Social Science,126,18,"Company A Short History Of A Revolutionary IdeaAuthor: MicklethwaitPublisher: Modern Library",kcstk,11/15/2016 9:28,3,0,1,8,0,i7351276x,b59359973,HD2721.M45 2005,812972872
HIS1807 ,History ,Social Science,126,24,"Ascent Of MoneyAuthor: FergusonPublisher: Penguin",wdk2h,5/20/2015 9:48,0,10,0,11,6,i62822901,b47850152,HG171.F47 2009,9.78014E+12
HIS1807 ,History ,Social Science,126,19.5,"All The Devils Are Here The Hidden History Of The FinancialAuthor: McleanPublisher: Portfolio",wdk2h,9/14/2016 10:28,1,0,1,6,6,i79935874,b6384154x,HB3717 2008.M35 2011,9.78159E+12
HIS2173 ,History ,Social Science,24,115.25,"Medieval WarfareAuthor: KeenPublisher: Oxford",wdk2h,9/24/2015 8:13,0,21,0,56,6,i37520647,b27645137,D128.M44 1999,198206399
HIS2173 ,History ,Social Science,24,115.25,"Medieval WarfareAuthor: KeenPublisher: Oxford",wdk2h,4/13/2016 12:35,0,8,0,17,6,i51366009,b27645137,D128.M44 1999,198206399
HIS2173 ,History ,Social Science,24,115.25,"Medieval WarfareAuthor: KeenPublisher: Oxford",kcstk,4/17/2016 10:22,17,17,0,17,0,i51754514,b27645137,D128.M44 1999,198206399
HIS2173 ,History ,Social Science,24,115.25,"Medieval WarfareAuthor: KeenPublisher: Oxford",iwwwn,  -  -  ,0,0,0,0,8,i7958875x,b27645137,D128.M44 1999,198206399
HIS2179 ,History ,Social Science,47,38.75,"Concise Historical Atlas Of World War IIAuthor: StoryPublisher: Oxford",wstkg,7/21/2016 15:45,18,18,1,18,0,i55107606,b40188590,G1038.S76 2006,195182200
HIS2179 ,History ,Social Science,47,38.75,"Concise Historical Atlas Of World War IIAuthor: StoryPublisher: Oxford",kcstk,7/26/2016 16:48,5,4,1,15,0,i60575098,b40188590,G1038.S76 2006,195182200
HIS2179 ,History ,Social Science,47,34.3,"Fighting The Great WarAuthor: NeibergPublisher: Harvard",kcstk,7/4/2016 18:43,10,5,1,29,0,i61194815,b45623211,D521.N44 2006,674022513
HIS2201E ,History ,Social Science,76,96.85,"Destinies Canadian History Since Confederation Book OnlyEdition: 7EAuthor: FrancisPublisher: Nelson",wdk2h,6/3/2015 17:37,0,12,0,16,6,i71429670,b56953197,F1033.F78 2011,176502513
HIS2201E ,History ,Social Science,76,96.85,"Destinies Canadian History Since Confederation Book OnlyEdition: 7EAuthor: FrancisPublisher: Nelson",wdk2h,2/15/2017 9:45,5,0,5,29,6,i72190772,b56953197,F1033.F78 2011,176502513
HIS2201E ,History ,Social Science,76,96.85,"Destinies Canadian History Since Confederation Book OnlyEdition: 7EAuthor: FrancisPublisher: Nelson",wdk2h,4/3/2016 16:17,0,0,0,9,6,i72190784,b56953197,F1033.F78 2011,176502513
HIS2201E ,History ,Social Science,76,96.85,"Destinies Canadian History Since Confederation Book OnlyEdition: 7EAuthor: FrancisPublisher: Nelson",wdk2h,2/13/2017 13:40,4,0,4,18,6,i72190796,b56953197,F1033.F78 2011,176502513
HIS2201E ,History ,Social Science,76,96.85,"Destinies Canadian History Since Confederation Book OnlyEdition: 7EAuthor: FrancisPublisher: Nelson",ustk ,1/19/2017 17:00,52,3,2,50,0,i80115779,b63989980,HQ560.W26 2015,176502513
HIS2201E ,History ,Social Science,76,96.85,"Destinies Canadian History Since Confederation Book OnlyEdition: 7EAuthor: FrancisPublisher: Nelson",ustk ,7/6/2016 12:28,24,2,2,22,0,i80715552,b63989980,HQ560.W26 2015,176502513
HIS2201E ,History ,Social Science,76,96.85,"Destinies Canadian History Since Confederation Book OnlyEdition: 7EAuthor: FrancisPublisher: Nelson",krs2h,2/15/2017 11:08,44,0,44,59,6,i81232299,b63989980,HQ560.W26 2015,176502513
HIS2403E ,History ,Social Science,46,36.45,"Return Of Martin GuerreAuthor: DavisPublisher: Harvard",hstk ,9/23/2015 17:54,8,5,0,19,0,i42498521,b31061084,CT9981.M37D38,674766911
HIS2403E ,History ,Social Science,46,36.45,"Return Of Martin GuerreAuthor: DavisPublisher: Harvard",hstk ,9/16/2016 10:55,6,9,1,14,0,i49690152,b31061084,CT9981.M37D38,674766911
HIS2403E ,History ,Social Science,46,36.45,"Return Of Martin GuerreAuthor: DavisPublisher: Harvard",hstk ,10/19/2016 15:05,11,6,1,17,0,i49690164,b31061084,CT9981.M37D38,674766911
HIS2403E ,History ,Social Science,46,36.45,"Return Of Martin GuerreAuthor: DavisPublisher: Harvard",wstkg,9/13/2016 15:52,29,14,1,32,0,i51721788,b10138924,HV6761.F82G854 1983,674766911
HIS2403E ,History ,Social Science,46,36.45,"Return Of Martin GuerreAuthor: DavisPublisher: Harvard",ustk ,9/14/2016 14:45,10,8,1,26,0,i61219769,b10138924,HV6761.F82G854 1983,674766911
HIS2403E ,History ,Social Science,46,36.45,"Return Of Martin GuerreAuthor: DavisPublisher: Harvard",wstkg,12/7/2016 19:49,6,5,2,7,0,i73605311,b10138924,HV6761.F82G854 1983,674766911
HIS2403E ,History ,Social Science,46,36.45,"Return Of Martin GuerreAuthor: DavisPublisher: Harvard",krs2h,10/18/2016 16:16,4,2,4,71,6,i47122146,b34524939,DC112.D8D38,674766911
HIS2403E ,History ,Social Science,46,34.65,"Women Armies And Warfare In Early Modern EuropeAuthor: LynnPublisher: Cambridge",wstkg,9/12/2016 12:20,20,20,2,18,0,i61620993,b46366477,U21.75.L96 2008,9.78052E+12
HIS2403E ,History ,Social Science,46,34.65,"Women Armies And Warfare In Early Modern EuropeAuthor: LynnPublisher: Cambridge",krs2h,2/14/2017 19:44,10,0,10,53,6,i61631784,b46366477,U21.75.L96 2008,9.78052E+12
HIS2403E ,History ,Social Science,46,34.65,"Women Armies And Warfare In Early Modern EuropeAuthor: LynnPublisher: Cambridge",ustk ,1/9/2017 10:43,10,13,3,7,0,i62960039,b46366477,U21.75.L96 2008,9.78052E+12
HIS2601E ,History ,Social Science,90,115.65,"Sources In Chinese History Diverse Perspectives 1644-presentAuthor: AtwillPublisher: Prentice Hall",wstkg,9/30/2016 14:41,31,19,6,38,0,i62544640,b47594275,DS703.S678 2010,9.78013E+12
HIS2601E ,History ,Social Science,90,84.55,"Search For Modern ChinaEdition: 3EAuthor: SpencePublisher: Norton",wstkg,9/21/2016 11:26,16,8,4,12,0,i77530500,b61368714,DS754.S65 2013,9.78039E+12
HIS2606E ,History ,Social Science,38,161.3,"History Of The Muslim World To 1405Author: EggerPublisher: Pearson",kcstk,9/18/2016 14:54,11,5,1,10,0,i56893760,b41951517,DS36.85.E34 2004,130983896
HIS2606E ,History ,Social Science,38,161.3,"History Of The Muslim World To 1405Author: EggerPublisher: Pearson",wstkg,12/8/2016 17:25,9,1,4,5,0,i77916670,b41951517,DS36.85.E34 2004,130983896
HIS2606E ,History ,Social Science,38,138.7,"Sources In The History Of The Modern Middle EastEdition: 2EAuthor: KhaterPublisher: Wadsworth",wstkg,2/7/2017 9:12,13,3,5,8,0,i70283096,b55858272,DS62.4.K53 2011,9.78062E+12
HIS2606E ,History ,Social Science,38,71.5,"History Of The Modern Middle EastEdition: 6THAuthor: ClevelandPublisher: Basic Books",wstkg,11/29/2016 14:06,2,1,2,0,0,i84180146,b68205624,DS62.4.C53 2016,9.78081E+12
HIS2611E ,History ,Social Science,19,40.8,"Sources Of Korean Tradition V2 From 16th To The 20th CenturiEdition: V2Author: ChoePublisher: Columbia",wstkg,10/24/2016 11:37,14,8,1,13,0,i44678629,b32709274,DS904.S69 1997,231120311
HIS2611E ,History ,Social Science,19,40.8,"Sources Of Korean Tradition V2 From 16th To The 20th CenturiEdition: V2Author: ChoePublisher: Columbia",wstkg,4/11/2014 16:59,15,15,0,16,0,i4467997x,b32709274,DS904.S69 1997,231120311
HIS2611E ,History ,Social Science,19,42.85,"Sources Of Korean Tradition V1 From Early Times Through 16 CEdition: V 1Author: LeePublisher: Columbia",kcstk,10/26/2015 14:42,2,0,0,2,0,i47131536,b34533667,DS904.S68,231105673
HIS2611E ,History ,Social Science,19,84.25,"Concise History Of Korea From Antiquity To The PresentEdition: 2EAuthor: SethPublisher: Rowman",wstkg,  -  -  ,0,0,0,0,0,i82222770,b66291938,DS907.18.S35 2016,9.78144E+12
HIS2705E ,History ,Social Science,52,41.45,"Pursuit Of Power Technology Armed Forces + Society Since AdAuthor: McneillPublisher: Chicago",kcstk,9/17/2013 14:12,2,5,0,2,0,i60704639,b45135927,U37.M38 1984,226561585
HIS3415E ,History ,Social Science,42,64.25,"History Of Germany 1780-1918Edition: 2EAuthor: BlackbournPublisher: Blackwell",wstkg,9/15/2016 16:14,18,10,2,28,0,i51562674,b37279841,DD203.B6 2003,063123196X
HIS3415E ,History ,Social Science,42,64.25,"History Of Germany 1780-1918Edition: 2EAuthor: BlackbournPublisher: Blackwell",wstkg,9/15/2016 14:24,12,24,2,10,0,i73127358,b37279841,DD203.B6 2003,063123196X
HIS3415E ,History ,Social Science,42,57.1,"History Of Germany 1918-2008 The Divided NationEdition: 4EAuthor: FulbrookPublisher: Blackwell",iwwwn,  -  -  ,0,0,0,0,8,i82233305,b66302420,WWW access,9.78112E+12
HIS3427E ,History ,Social Science,49,19.99,"Ordinary Men Reserve Police Battalion 101 And The Final SoluAuthor: BrowningPublisher: Harper",kcstk,2/3/2017 16:04,9,0,2,7,0,i81077592,b64913843,D804.3.B77 1998,60995068
HIS3427E ,History ,Social Science,49,54.7,"War And Genocide A Concise HistoryEdition: 3RDAuthor: BergenPublisher: Rowman + Littlefield",hstk ,  -  -  ,0,0,0,0,0,i81930641,b65958469,DD256.5.B4516 2016,9.78144E+12
HIS3427E ,History ,Social Science,49,54.7,"War And Genocide A Concise HistoryEdition: 3RDAuthor: BergenPublisher: Rowman + Littlefield",wstkg,9/7/2016 13:15,4,3,3,1,0,i81978650,b65958469,DD256.5.B4516 2016,9.78144E+12
HIS3601E ,History ,Social Science,17,78.55,"China Inventing The NationAuthor: HarrisonPublisher: Bloomsbury Academic",wres3,1/21/2017 16:17,25,9,1,38,3,i40521229,b2968948x,DS740.2.H37 2001,340741341
HIS3601E ,History ,Social Science,17,41.35,"Nation State By Construction Dynamics Of Modern ChineseAuthor: ZhaoPublisher: Stanford",wres3,2/9/2017 17:54,17,4,3,15,3,i50294003,b36274513,DS755.2.Z463 2004,9.7808E+12
HIS3601E ,History ,Social Science,17,41.35,"Nation State By Construction Dynamics Of Modern ChineseAuthor: ZhaoPublisher: Stanford",hstk ,6/27/2016 13:23,10,6,1,9,0,i62750574,b36274513,DS755.2.Z463 2004,9.7808E+12
HIS3601E ,History ,Social Science,17,17.3,"China In The 21st CenturyEdition: 2EAuthor: WasserstromPublisher: Oxford",hstk ,9/27/2016 14:18,4,4,1,3,0,i77740464,b61550619,DS779.4.W376 2013,9.7802E+12
HIS3605E ,History ,Social Science,17,68.85,"CrusadesEdition: 2EAuthor: MayerPublisher: Oxford",wstkg,9/13/2016 16:17,8,5,1,84,0,i23747493,b20146115,D157.M3813 1988,198730977
HIS3813E ,History ,Social Science,15,64.2,"Public History A Textbook Of PracticeAuthor: CauvinPublisher: Routledge",wdk2h,12/6/2016 18:21,9,0,9,0,6,i82031629,b66095141,D16.163.C38 2016,9.78077E+12
HIS4301E ,History ,Social Science,18,12.2,"Great Depression + The New Deal A Very Short IntroductionAuthor: RauchwayPublisher: Oxford",hstk ,9/9/2015 14:49,11,13,0,11,0,i5811936x,b42625270,E806.R38 2008,9.7802E+12
HIS4301E ,History ,Social Science,18,12.2,"Great Depression + The New Deal A Very Short IntroductionAuthor: RauchwayPublisher: Oxford",wres3,12/6/2015 16:21,7,0,0,7,3,i79838868,b42625270,E806.R38 2008,9.7802E+12
HIS4301E ,History ,Social Science,18,12.2,"Great Depression + The New Deal A Very Short IntroductionAuthor: RauchwayPublisher: Oxford",iwwwn,  -  -  ,0,0,0,0,8,i79844959,b42625270,E806.R38 2008,9.7802E+12
HIS4301E ,History ,Social Science,18,84.65,"Rise And Fall Of The American CenturyAuthor: ChafePublisher: Oxford",wres3,9/4/2016 11:49,1,0,1,2,3,i63915182,b49415931,E741.C33 2009,195382625
HIS4412E ,History ,Social Science,19,84.15,"Popular Cultures In England 1550-1750Author: ReayPublisher: Longman",wstkg,  -  -  ,0,0,0,0,0,i84618012,b26905851,DA320.R43 1998,582489547
HIS4412E ,History ,Social Science,19,84.15,"Popular Cultures In England 1550-1750Author: ReayPublisher: Longman",hstk ,11/16/2016 14:23,11,7,2,9,0,i4207194x,b30680050,DA320.R43,582489547
HIS4412E ,History ,Social Science,19,67.3,"Early Modern England 1485-1714/Society In Early Modern EnglaEdition: PKGAuthor: BucholzPublisher: Blackwell",hstk ,9/15/2016 17:26,3,0,1,2,0,i61778151,b46773563,DA300.B83 2009,9.78141E+12
HIS4701E ,History ,Social Science,19,20.35,"Lament For A NationAuthor: GrantPublisher: Mcgill-Queens",iwwwn,  -  -  ,0,0,0,0,8,i78220105,b63884331,F1034.2.G74 2005,077353010X
HIS4701E ,History ,Social Science,19,20.35,"Lament For A NationAuthor: GrantPublisher: Mcgill-Queens",wdk2h,  -  -  ,0,0,0,0,6,i79971428,b63884331,F1034.2.G74 2005,077353010X
LAW5110 ,Law,Law,179,128.55,"Canadian Constitutional LawEdition: 4EAuthor: BakanPublisher: Emond Montgomery",ldk2h,2/15/2017 12:20,210,0,15,195,6,i62964446,b48017565,KF4482.C3685 2010,9.78155E+12
LAW5110 ,Law,Law,179,128.55,"Canadian Constitutional LawEdition: 4EAuthor: BakanPublisher: Emond Montgomery",kcstk,9/12/2016 13:04,2,6,2,0,0,i83795352,b48017565,KF4482.C3685 2010,9.78155E+12
LAW5115 ,Law,Law,177,117.3,"Cases And Materials On ContractsEdition: 5EAuthor: WaddamsPublisher: Edmond",ldk2h,11/24/2016 12:53,23,0,4,19,6,i7997286x,b63885645,KF801.A7W27 2014,9.78155E+12
LAW5115 ,Law,Law,177,117.3,"Cases And Materials On ContractsEdition: 5EAuthor: WaddamsPublisher: Edmond",lmabn,  -  -  ,0,0,0,0,8,i79973280,b63885645,KF801.A7W27 2014,9.78155E+12
LAW5115 ,Law,Law,177,117.3,"Cases And Materials On ContractsEdition: 5EAuthor: WaddamsPublisher: Edmond",ldk2h,2/15/2017 8:40,23,0,6,17,6,i80436171,b63885645,KF801.A7W27 2014,9.78155E+12
LAW5145 ,Law,Law,179,117.3,"Tort Law Cases And MaterialsEdition: 4EAuthor: WeinribPublisher: Emond",ldk2h,2/12/2017 13:12,16,0,15,1,6,i80045959,b63924250,KF1249.W44 2014,9.78155E+12
LAW5145 ,Law,Law,179,117.3,"Tort Law Cases And MaterialsEdition: 4EAuthor: WeinribPublisher: Emond",ldk2h,11/22/2016 16:12,8,0,8,0,6,i80046630,b63924250,KF1249.W44 2014,9.78155E+12
LAW5155 ,Law,Law,114,23,"Getting To YesAuthor: FisherPublisher: Penguin",ldk2h,2/7/2017 13:00,37,0,1,36,6,i72204771,b57849614,BF637.N4F57 2011,9.78014E+12
LAW5155 ,Law,Law,114,23,"Getting To YesAuthor: FisherPublisher: Penguin",kcstk,2/15/2017 13:49,18,5,4,14,0,i72807362,b57849614,BF637.N4F57 2011,9.78014E+12
LAW5155 ,Law,Law,114,23,"Getting To YesAuthor: FisherPublisher: Penguin",ustk ,1/29/2017 12:04,8,6,1,7,0,i79120271,b57849614,BF637.N4F57 2011,9.78014E+12
MUS3942Y ,Music,Music,21,28.05,"Handbook Of Diction For SingersEdition: 2EAuthor: AdamsPublisher: Oxford",mstkg,9/20/2016 11:17,23,6,1,28,0,i60404929,b44788022,MT883.A23 2008,9.7802E+12
MUS3942Y ,Music,Music,21,42.35,"Song A Guide To Style + LiteratureEdition: 06Author: KimballPublisher: Hal Leonard",mstkg,10/3/2016 17:48,34,16,1,33,0,i58001748,b42550671,MT120.K56 2006,9.78142E+12
MUS4961Y ,Music,Music,13,55.1,"Bel Canto A History Of Vocal PedagogyAuthor: StarkPublisher: Toronto",mstk7,2/15/2017 16:43,2,34,3,90,2,i37849980,b27764291,ML1460.S695 1999,802086144
MUS4961Y ,Music,Music,13,55.1,"Bel Canto A History Of Vocal PedagogyAuthor: StarkPublisher: Toronto",iwwwn,  -  -  ,0,0,0,0,8,i78229467,b27764291,ML1460.S695 1999,802086144
PHI1200 ,Philosophy,Arts and Humanities,270,85.65,"Intro To Critical Thinking + Creativity Think More ThinkAuthor: LauPublisher: Wiley",wstkg,12/12/2016 16:10,3,6,1,2,0,i71141510,b56714713,B809.2.L38 2011,9.78047E+12
PHI1200 ,Philosophy,Arts and Humanities,270,85.65,"Intro To Critical Thinking + Creativity Think More ThinkAuthor: LauPublisher: Wiley",kcstk,11/13/2015 8:51,3,0,0,3,0,i7191593x,b56714713,B809.2.L38 2011,9.78047E+12
POL1020E ,Political Science,Social Science,619,64.25,"PoliticsEdition: 4EAuthor: HeywoodPublisher: Palgrave",urs2h,2/7/2017 12:42,5,0,5,29,6,i81173374,b6498350x,JA66.H62 2013,9.78023E+12
POL1020E ,Political Science,Social Science,619,57.65,"Political Ideologies An IntroductionEdition: 5THAuthor: HeywoodPublisher: Palgrave",kcstk,11/18/2016 14:29,22,2,3,19,0,i77916244,b6189025x,JA71.H49P6 2012,9.78023E+12
POL1020E ,Political Science,Social Science,619,51.35,"Ethics And Public Policy A Philosophical InquiryAuthor: WolffPublisher: Routledge",wres3,10/17/2016 9:37,34,0,2,32,3,i71478930,b57026543,JF1525.E8W65 2011,9.78042E+12
POL1020E ,Political Science,Social Science,619,51.35,"Ethics And Public Policy A Philosophical InquiryAuthor: WolffPublisher: Routledge",kcstk,11/29/2016 17:59,10,2,2,8,0,i80046952,b57026543,JF1525.E8W65 2011,9.78042E+12
POL2190 ,Political Science,Social Science,13,56.1,"Mass Media Politics + DemocracyEdition: 2NDAuthor: StreetPublisher: Palgrave",kcstk,4/6/2015 13:47,5,5,0,5,0,i67689905,b52394189,P95.8.S77 2011,9.7814E+12
POL2190 ,Political Science,Social Science,13,56.1,"Mass Media Politics + DemocracyEdition: 2NDAuthor: StreetPublisher: Palgrave",wstkg,1/11/2017 12:41,17,10,4,13,0,i70111030,b52394189,P95.8.S77 2011,9.7814E+12
POL2190 ,Political Science,Social Science,13,56.1,"Mass Media Politics + DemocracyEdition: 2NDAuthor: StreetPublisher: Palgrave",hstk ,1/19/2015 11:36,3,3,0,3,0,i71998585,b52394189,P95.8.S77 2011,9.7814E+12
POL2230E ,Political Science,Social Science,182,115.25,"Canadian Politics Critical ApproachesEdition: 8EAuthor: CochranePublisher: Nelson",ustk ,  -  -  ,0,0,0,0,0,i84637067,b68382947,JL75.D992 2017,9.78018E+12
POL2245E ,Political Science,Social Science,43,136.15,"Understanding Canadian Public AdministrationEdition: 4EAuthor: InwoodPublisher: Pearson",kcstk,11/7/2016 12:54,24,8,1,98,0,i71306110,b56849217,JL108.I58 2012,9.78014E+12
POL2245E ,Political Science,Social Science,43,136.15,"Understanding Canadian Public AdministrationEdition: 4EAuthor: InwoodPublisher: Pearson",ustk ,10/5/2016 10:45,35,33,3,32,0,i72420765,b56849217,JL108.I58 2012,9.78014E+12
POL3326E ,Political Science,Social Science,50,45.85,"Drifting TogetherAuthor: Mcdougall FacultyPublisher: Broadview",hstk ,3/26/2016 11:15,21,29,0,21,0,i53414482,b38585145,FC249.M38 2006,1551117800
POL3326E ,Political Science,Social Science,50,45.85,"Drifting TogetherAuthor: Mcdougall FacultyPublisher: Broadview",wstkg,1/21/2017 17:30,26,15,1,42,0,i56086878,b38585145,FC249.M38 2006,1551117800
POL3326E ,Political Science,Social Science,50,45.85,"Drifting TogetherAuthor: Mcdougall FacultyPublisher: Broadview",kcstk,2/5/2016 11:48,19,4,0,19,0,i57697991,b38585145,FC249.M38 2006,1551117800
POL3326E ,Political Science,Social Science,50,45.85,"Drifting TogetherAuthor: Mcdougall FacultyPublisher: Broadview",ustk ,3/5/2012 14:32,9,6,0,9,0,i58108099,b38585145,FC249.M38 2006,1551117800
POL3326E ,Political Science,Social Science,50,45.85,"Drifting TogetherAuthor: Mcdougall FacultyPublisher: Broadview",iwwwn,  -  -  ,0,0,0,0,8,i78229595,b38585145,FC249.M38 2006,1551117800
POL3326E ,Political Science,Social Science,50,30.55,"Whose National SecurityAuthor: BusePublisher: Between The Lines",wstkg,2/10/2017 16:06,40,25,3,37,0,i39844092,b29290302,JL86.I58W46 2000,1896357253
POL3326E ,Political Science,Social Science,50,100.95,"Borders And Bridges Canadas Policy Relations In North AmerAuthor: HalePublisher: Oxford",kcstk,1/11/2016 16:57,11,24,0,11,0,i63109402,b48071006,JL75.B672 2010,9.7802E+12
POL3326E ,Political Science,Social Science,50,39.75,"Politics Of Race Canada United States + AustraliaAuthor: VickersPublisher: Toronto",hstk ,4/18/2016 14:32,3,2,0,3,0,i72421940,b58116394,HT1521V52 2012,9.78144E+12
POL3326E ,Political Science,Social Science,50,39.75,"Politics Of Race Canada United States + AustraliaAuthor: VickersPublisher: Toronto",kcstk,4/7/2014 23:26,3,2,0,3,0,i73162401,b58116394,HT1521V52 2012,9.78144E+12
POL3388E ,Political Science,Social Science,51,35.65,"Human Rights Concept And ContextAuthor: OrendPublisher: Broadview",wstkg,12/12/2016 17:20,56,26,3,62,0,i45106204,b3288283x,JC571.O773 2002,1551114364
POL3388E ,Political Science,Social Science,51,35.65,"Human Rights Concept And ContextAuthor: OrendPublisher: Broadview",hstk ,9/14/2016 12:38,22,12,1,21,0,i5077833x,b3288283x,JC571.O773 2002,1551114364
PSY2075 ,Psychology,Social Science,250,135.65,"Understanding Human SexualityEdition: 6THAuthor: HydePublisher: Mcgraw",krs2h,2/15/2017 11:00,18,0,21,83,6,i81232238,b65065050,HQ12.H92U5 2015,1259024768
PSY2800E ,Psychology,Social Science,189,71.55,"How To Think Straight About PsychologyEdition: 1OEAuthor: StanovichPublisher: Allyn + Bacon",wstkg,10/31/2016 18:42,2,4,2,0,0,i84140215,b68168391,BF76.5.S68 2013,9.78021E+12
PSY3317E ,Psychology,Social Science,11,50.95,"Community Psychology Linking Individuals And CommunitiesEdition: 3EAuthor: KloosPublisher: Nelson",kcstk,11/9/2016 15:06,4,0,1,3,0,i7824738x,b62175063,RA790.55.D84 2012,9.78111E+12
SOC2140 ,Sociology,Social Science,128,130.55,"Understanding Social ProblemsEdition: 5EAuthor: HolmesPublisher: Nelson",krs2h,2/23/2017 17:20,63,2,63,161,6,i81196404,b65040259,HN103.5.U65 2016,9.78018E+12
SOC2169 ,Sociology,Social Science,46,96.85,"Organization + Experience Of WorkEdition: 1STAuthor: AdamsPublisher: Thomson",kcstk,11/1/2016 10:01,36,6,3,33,0,i77810181,b42727613,HD8106.5.A34 2008,176406158
SOC2202 ,Sociology,Social Science,47,56.05,"Sociological Perspective On AgingAuthor: FunkPublisher: Oxford",kcstk,1/10/2017 11:23,4,4,3,1,0,i8150343x,b65238321,HQ1064.C3F85 2015,9.7802E+12
SOC2202 ,Sociology,Social Science,47,133.6,"Family Ties + AgingEdition: 2EAuthor: ConnidisPublisher: Pine Forge",ustk ,3/22/2016 17:00,38,11,0,38,0,i61665186,b46400291,HQ1064.C21C75 2009,9.78141E+12
SOC2202 ,Sociology,Social Science,47,133.6,"Family Ties + AgingEdition: 2EAuthor: ConnidisPublisher: Pine Forge",wstkg,1/10/2017 11:22,27,18,3,24,0,i62188562,b47240052,HQ1064.C2C66 2010,9.78141E+12
SOC2202 ,Sociology,Social Science,47,133.6,"Family Ties + AgingEdition: 2EAuthor: ConnidisPublisher: Pine Forge",kcstk,4/14/2016 22:57,23,6,1,22,0,i62538895,b46400291,HQ1064.C21C75 2009,9.78141E+12
SOC2233 ,Sociology,Social Science,74,189.95,"Social Psychology A Sociological Perspective*op*Author: VonderhaarPublisher: Pearson",krs2h,12/13/2016 10:20,15,0,15,42,6,i77905416,b61753257,HM1033.V66 2005,130809837
SOC2235 ,Sociology,Social Science,72,132.55,"Canadian Families Diversity Conflict And ChangeEdition: 4EAuthor: MandellPublisher: Nelson",krs2h,1/25/2017 16:09,15,3,15,131,6,i71306286,b56851248,HQ560.C37 2011,9.78018E+12
SOC2235 ,Sociology,Social Science,72,132.55,"Canadian Families Diversity Conflict And ChangeEdition: 4EAuthor: MandellPublisher: Nelson",ustk ,9/8/2016 13:46,19,11,3,25,0,i72006493,b56851248,HQ560.C37 2011,9.78018E+12
SOC2235 ,Sociology,Social Science,72,132.55,"Canadian Families Diversity Conflict And ChangeEdition: 4EAuthor: MandellPublisher: Nelson",krs2h,1/30/2017 11:25,12,0,12,21,6,i81232391,b56851248,HQ560.C37 2011,9.78018E+12
SOC2239 ,Sociology,Social Science,39,32.99,"BrownAuthor: Al-SolayleePublisher: Harper",kcstk,9/26/2016 10:04,3,1,3,0,0,i82061312,b66132332,GN549.B76A57 2016,9.78144E+12
SOC2240E ,Sociology,Social Science,243,48.6,"On Social PsychologyAuthor: Mead Edited By StraussPublisher: Chicago",kcstk,  -  -  ,0,0,0,0,0,i77905404,b61753245,B945.M463S6 1977,226516652
SOC2241E ,Sociology,Social Science,33,91.75,"Gendered Society Reader 3rd Canadian EditionEdition: 3EAuthor: KimmelPublisher: Oxford",ustk ,12/9/2016 21:06,21,0,21,0,0,i83605496,b67649592,HQ1075.G38 2015,9.7802E+12
SOC2259 ,Sociology,Social Science,120,18,"Stigma Notes On The Management Of Spoiled IdentityAuthor: GoffmanPublisher: Simon + Schuster",ustk ,1/12/2017 15:04,25,17,4,21,0,i44093032,b32193506,HV1568.G61s,671622447
SOC2259 ,Sociology,Social Science,120,18,"Stigma Notes On The Management Of Spoiled IdentityAuthor: GoffmanPublisher: Simon + Schuster",krs2h,1/27/2017 11:32,1,6,1,67,6,i46647648,b34132569,BF727.H3G63,671622447
SOC2259 ,Sociology,Social Science,120,18,"Stigma Notes On The Management Of Spoiled IdentityAuthor: GoffmanPublisher: Simon + Schuster",kcstk,5/16/2016 14:26,28,16,1,32,0,i6172452x,b34132569,BF727.H3G63,671622447
SOC2259 ,Sociology,Social Science,120,18,"Stigma Notes On The Management Of Spoiled IdentityAuthor: GoffmanPublisher: Simon + Schuster",kcstk,10/20/2014 15:29,20,10,0,35,0,i61724543,b34132569,BF727.H3G63,671622447
SOC2259 ,Sociology,Social Science,120,109.5,"Deviance Conformity And Social Control In CanadaEdition: 4EAuthor: BereskaPublisher: Pearson",ustk ,11/17/2016 14:20,79,0,4,75,0,i79969549,b63881779,HM811.B49 2014,9.78013E+12
VAS1020 ,Visual Arts Studio,Arts and Humanities,200,217.25,"Art Fundamentals Theory And PracticeEdition: 12EAuthor: Otto OcvrikPublisher: Mcgraw",wres3,1/4/2017 11:21,86,0,2,84,3,i77575489,b61411036,N7430.A697 2013,9.78007E+12
WOM2220E ,Womens Studies,Arts and Humanities,71,14,"Pale As Real Ladies 89Author: CratePublisher: Brick",wstkg,6/20/2016 12:03,22,14,1,21,0,i24175973,b20500270,PR9299.1.C76P35 1989,919626432
WOM2220E ,Womens Studies,Arts and Humanities,71,14,"Pale As Real Ladies 89Author: CratePublisher: Brick",acsrn,  -  -  ,0,0,0,0,8,i5132376x,b37009163,PR9299.1.C76P35 1991,919626432
WOM2220E ,Womens Studies,Arts and Humanities,71,14,"Pale As Real Ladies 89Author: CratePublisher: Brick",krs3d,2/6/2013 17:07,0,4,0,5,3,i55108003,b37009163,PR9299.1.C76P35 1991,919626432
WOM4455E ,Womens Studies,Arts and Humanities,5,68.35,"Twentieth Century Sexuality A HistoryAuthor: MclarenPublisher: Wiley",wstkg,9/18/2016 13:41,57,25,1,56,0,i36937861,b27363193,HQ16.M35 1999,9.78063E+12
WOM4455E ,Womens Studies,Arts and Humanities,5,68.35,"Twentieth Century Sexuality A HistoryAuthor: MclarenPublisher: Wiley",kcstk,9/25/2015 14:42,8,8,0,8,0,i72806278,b27363193,HQ16.M35 1999,9.78063E+12
